n,group,comparisons,swaps,rec_calls,time_ms
100,3,199,99,6,.00492756000000000000
200,3,392,193,8,.00786172000000000000
300,3,606,306,8,.01102062000000000000
400,3,788,389,9,.01436390000000000000
500,3,982,483,9,.01846000000000000000
600,3,1170,570,8,.02116186000000000000
700,3,1395,696,10,.02509066000000000000
800,3,1608,808,8,.02817644000000000000
900,3,1788,889,10,.03024860000000000000
1000,3,2013,1014,10,.03385886000000000000
1100,3,2180,1081,12,.03638448000000000000
1200,3,2420,1221,11,.04098020000000000000
1300,3,2607,1308,11,.04311060000000000000
1400,3,2795,1395,10,.04976338000000000000
1500,3,2970,1471,10,.05197864000000000000
1600,3,3219,1620,11,.05543314000000000000
1700,3,3412,1712,11,.05910476000000000000
1800,3,3617,1818,12,.06242314000000000000
1900,3,3817,1918,12,.06371140000000000000
2000,3,3986,1987,10,.06645934000000000000
2100,3,4233,2134,12,.07101374000000000000
2200,3,4362,2163,12,.07396218000000000000
2300,3,4565,2266,12,.07939628000000000000
2400,3,4727,2328,12,.07974228000000000000
2500,3,4995,2496,12,.08435198000000000000
2600,3,5243,2643,10,.08937738000000000000
2700,3,5516,2817,13,.09283846000000000000
2800,3,5653,2854,12,.09606536000000000000
2900,3,5784,2885,12,.09948076000000000000
3000,3,6009,3010,12,.10267886000000000000
3100,3,6140,3041,12,.10440692000000000000
3200,3,6410,3211,12,.10897728000000000000
3300,3,6607,3308,12,.11312450000000000000
3400,3,6833,3434,13,.11804736000000000000
3500,3,7090,3591,13,.12248046000000000000
3600,3,7169,3570,12,.12393414000000000000
3700,3,7368,3669,13,.12664284000000000000
3800,3,7489,3689,11,.13181756000000000000
3900,3,7770,3871,13,.13487196000000000000
4000,3,8024,4025,12,.13722900000000000000
4100,3,8121,4022,13,.13754998000000000000
4200,3,8498,4299,13,.14515908000000000000
4300,3,8585,4285,12,.14844646000000000000
4400,3,8856,4457,13,.15193038000000000000
4500,3,9011,4512,13,.15476762000000000000
4600,3,9235,4636,13,.15910716000000000000
4700,3,9469,4770,12,.16524804000000000000
4800,3,9551,4752,12,.16629294000000000000
4900,3,9863,4964,13,.17105892000000000000
5000,3,9908,4909,13,.17020072000000000000
5100,3,10192,5093,14,.17362302000000000000
5200,3,10472,5273,13,.18150312000000000000
5300,3,10628,5329,13,.18363792000000000000
5400,3,10871,5471,12,.18751552000000000000
5500,3,10886,5387,14,.18851808000000000000
5600,3,11136,5536,12,.19377570000000000000
5700,3,11476,5777,13,.20298950000000000000
5800,3,11564,5765,13,.20127328000000000000
5900,3,11849,5950,14,.20443668000000000000
6000,3,11921,5922,13,.20675876000000000000
6100,3,12234,6135,14,.21306242000000000000
6200,3,12252,6053,13,.21402738000000000000
6300,3,12524,6224,11,.21978994000000000000
6400,3,12799,6399,13,.22414774000000000000
6500,3,12947,6448,12,.22958538000000000000
6600,3,13244,6645,13,.23514328000000000000
6700,3,13396,6697,13,.23297664000000000000
6800,3,13579,6780,13,.23984698000000000000
6900,3,13791,6891,13,.24104012000000000000
7000,3,13952,6953,14,.24568730000000000000
7100,3,14114,7015,12,.24914084000000000000
7200,3,14527,7327,12,.25555422000000000000
7300,3,14543,7243,13,.25782756000000000000
7400,3,14712,7313,13,.25953680000000000000
7500,3,15015,7516,13,.26481074000000000000
7600,3,15194,7595,14,.27009776000000000000
7700,3,15543,7844,13,.27518496000000000000
7800,3,15679,7880,13,.27352586000000000000
7900,3,15805,7906,14,.27844672000000000000
8000,3,16011,8012,14,.28495032000000000000
8100,3,16171,8071,13,.28335612000000000000
8200,3,16440,8241,14,.28744646000000000000
8300,3,16551,8252,13,.29459294000000000000
8400,3,16797,8398,14,.29660588000000000000
8500,3,17020,8520,13,.30303010000000000000
8600,3,17199,8600,15,.30520598000000000000
8700,3,17413,8714,13,.30574722000000000000
8800,3,17598,8799,14,.31189484000000000000
8900,3,17801,8902,15,.31373920000000000000
9000,3,17877,8878,12,.31962558000000000000
9100,3,18055,8956,13,.31744994000000000000
9200,3,18390,9191,14,.32329230000000000000
9300,3,18580,9281,13,.32970736000000000000
9400,3,18767,9367,12,.33016262000000000000
9500,3,19026,9527,13,.33858440000000000000
9600,3,19309,9710,14,.34007178000000000000
9700,3,19482,9782,13,.34803146000000000000
9800,3,19559,9760,14,.34350886000000000000
9900,3,19880,9981,13,.35133702000000000000
10000,3,19965,9965,13,.35696950000000000000
10100,3,20169,10070,14,.35851330000000000000
10200,3,20414,10215,14,.36228832000000000000
10300,3,20692,10392,13,.36675104000000000000
10400,3,20622,10223,13,.36242182000000000000
10500,3,20961,10462,14,.37330016000000000000
10600,3,21210,10611,14,.37566974000000000000
10700,3,21322,10622,13,.38367722000000000000
10800,3,21581,10781,13,.38611370000000000000
10900,3,21732,10833,13,.38834498000000000000
11000,3,22141,11142,13,.39354522000000000000
11100,3,22350,11251,14,.41670142000000000000
11200,3,22468,11269,14,.40434756000000000000
11300,3,22560,11261,14,.40571540000000000000
11400,3,22922,11523,14,.41120796000000000000
11500,3,23045,11546,14,.41178638000000000000
11600,3,23172,11573,14,.41876076000000000000
11700,3,23409,11710,14,.41797138000000000000
11800,3,23662,11863,14,.42215932000000000000
11900,3,23654,11755,14,.42428250000000000000
12000,3,24140,12141,14,.43980248000000000000
12100,3,24185,12086,13,.43601456000000000000
12200,3,24304,12104,13,.43623360000000000000
12300,3,24504,12204,13,.43823344000000000000
12400,3,24796,12396,14,.44568370000000000000
12500,3,25010,12510,13,.45344196000000000000
12600,3,25101,12502,14,.45292654000000000000
12700,3,25444,12744,14,.46340046000000000000
12800,3,25594,12795,14,.45695070000000000000
12900,3,25722,12823,14,.46443958000000000000
13000,3,25942,12943,14,.47078012000000000000
13100,3,26172,13073,14,.47005492000000000000
13200,3,26515,13316,14,.47858758000000000000
13300,3,26579,13280,15,.48328486000000000000
13400,3,26693,13293,13,.48924952000000000000
13500,3,26985,13485,13,.49044952000000000000
13600,3,27280,13681,14,.48970188000000000000
13700,3,27259,13560,14,.49607676000000000000
13800,3,27666,13867,15,.50374702000000000000
13900,3,27712,13812,13,.50534260000000000000
14000,3,28091,14091,12,.51116334000000000000
14100,3,28232,14133,14,.51191564000000000000
14200,3,28545,14346,15,.51641016000000000000
14300,3,28401,14102,14,.51759862000000000000
14400,3,28792,14393,15,.52409424000000000000
14500,3,29083,14583,14,.52185610000000000000
14600,3,28957,14357,13,.52387766000000000000
14700,3,29526,14827,15,.53650928000000000000
14800,3,29453,14653,13,.53586640000000000000
14900,3,29875,14976,14,.53759388000000000000
15000,3,30188,15189,14,.55749786000000000000
15100,3,30087,14988,14,.55165526000000000000
15200,3,30444,15244,13,.55163052000000000000
15300,3,30606,15307,14,.56082188000000000000
15400,3,30822,15423,14,.55624148000000000000
15500,3,30843,15344,14,.58127866000000000000
15600,3,31100,15501,14,.56120246000000000000
15700,3,31349,15650,14,.56980940000000000000
15800,3,31608,15809,16,.55928864000000000000
15900,3,31806,15907,14,.54346050000000000000
16000,3,31911,15912,14,.54296674000000000000
16100,3,32263,16164,14,.55477942000000000000
16200,3,32250,16051,14,.55421076000000000000
16300,3,32576,16277,15,.58677814000000000000
16400,3,32962,16563,15,.60181184000000000000
16500,3,33179,16680,14,.60462030000000000000
16600,3,33339,16740,14,.60475524000000000000
16700,3,33321,16622,14,.61173016000000000000
16800,3,33706,16907,15,.61618488000000000000
16900,3,33923,17024,14,.61521948000000000000
17000,3,33920,16920,14,.61984276000000000000
17100,3,34235,17136,14,.62957862000000000000
17200,3,34354,17155,15,.62622250000000000000
17300,3,34669,17369,13,.62996316000000000000
17400,3,34836,17436,13,.63668616000000000000
17500,3,34896,17397,14,.62236258000000000000
17600,3,35199,17599,14,.63431792000000000000
17700,3,35372,17672,14,.63202112000000000000
17800,3,35474,17674,13,.63850754000000000000
17900,3,35809,17910,15,.64783538000000000000
18000,3,35884,17885,14,.65026808000000000000
18100,3,36365,18265,13,.66113052000000000000
18200,3,36411,18212,16,.66864298000000000000
18300,3,36480,18181,15,.66835476000000000000
18400,3,36842,18442,13,.67744124000000000000
18500,3,37151,18652,15,.68603128000000000000
18600,3,37280,18681,15,.67918938000000000000
18700,3,37421,18721,15,.68894182000000000000
18800,3,37661,18862,16,.69715778000000000000
18900,3,37772,18873,15,.69994466000000000000
19000,3,38115,19116,14,.69872582000000000000
19100,3,38210,19111,15,.69767374000000000000
19200,3,38208,19008,14,.70110910000000000000
19300,3,38474,19175,15,.70700006000000000000
19400,3,38806,19407,16,.71516524000000000000
19500,3,38934,19435,14,.71301892000000000000
19600,3,39105,19506,15,.71562736000000000000
19700,3,39131,19432,14,.71535872000000000000
19800,3,39651,19851,14,.74653292000000000000
19900,3,39744,19845,13,.73222182000000000000
20000,3,39839,19839,13,.73157248000000000000
20100,3,40054,19954,13,.73006076000000000000
20200,3,40348,20148,14,.75130940000000000000
20300,3,40630,20330,14,.75139816000000000000
20400,3,40817,20418,15,.74139596000000000000
20500,3,41062,20562,14,.76539652000000000000
20600,3,40957,20358,15,.75090884000000000000
20700,3,41300,20600,13,.75806038000000000000
20800,3,41977,21178,15,.76803494000000000000
20900,3,41884,20984,14,.77047374000000000000
21000,3,41915,20915,15,.76666054000000000000
21100,3,41990,20891,15,.77410282000000000000
21200,3,42383,21184,15,.78506922000000000000
21300,3,42608,21309,15,.78861896000000000000
21400,3,42725,21326,16,.78990014000000000000
21500,3,43140,21641,15,.79788124000000000000
21600,3,43043,21443,14,.79360142000000000000
21700,3,43433,21734,15,.81734970000000000000
21800,3,43875,22076,14,.81487642000000000000
21900,3,43691,21792,14,.81975894000000000000
22000,3,43888,21889,15,.80927802000000000000
22100,3,44098,21999,15,.81496302000000000000
22200,3,44424,22225,16,.82003134000000000000
22300,3,44654,22354,14,.82734078000000000000
22400,3,44760,22361,15,.82747034000000000000
22500,3,44970,22471,15,.84082360000000000000
22600,3,45363,22764,15,.84258134000000000000
22700,3,45315,22616,16,.84605572000000000000
22800,3,45752,22953,14,.85852290000000000000
22900,3,45737,22837,14,.84870832000000000000
23000,3,45722,22723,15,.85358350000000000000
23100,3,46181,23082,15,.85058010000000000000
23200,3,46427,23228,16,.85854582000000000000
23300,3,46442,23142,14,.86122450000000000000
23400,3,46926,23527,16,.87328512000000000000
23500,3,46917,23418,15,.86638314000000000000
23600,3,47049,23450,14,.87749834000000000000
23700,3,47450,23751,15,.87575516000000000000
23800,3,47675,23876,15,.88105002000000000000
23900,3,47833,23934,15,.89282922000000000000
24000,3,48118,24119,15,.90772062000000000000
24100,3,48352,24253,15,.89323438000000000000
24200,3,48409,24210,15,.89333668000000000000
24300,3,48569,24270,15,.91293904000000000000
24400,3,48507,24108,15,.89590144000000000000
24500,3,49035,24535,15,.91117920000000000000
24600,3,49353,24754,16,.92830242000000000000
24700,3,49296,24597,16,.92228674000000000000
24800,3,49589,24790,15,.92731088000000000000
24900,3,49619,24719,15,.92035104000000000000
25000,3,49952,24952,14,.93434096000000000000
25100,3,50261,25162,15,.93335070000000000000
25200,3,50191,24992,16,.93761568000000000000
25300,3,50661,25362,15,.95098738000000000000
25400,3,50781,25382,15,.94216110000000000000
25500,3,50888,25388,14,.94223240000000000000
25600,3,51244,25645,15,.94021022000000000000
25700,3,51532,25833,15,.96038752000000000000
25800,3,51469,25670,15,.94349976000000000000
25900,3,51803,25904,15,.96319222000000000000
26000,3,52002,26002,14,.95880610000000000000
26100,3,52090,25990,14,.95350170000000000000
26200,3,52378,26179,15,.98628142000000000000
26300,3,52532,26233,16,.97323316000000000000
26400,3,52839,26440,14,.98597018000000000000
26500,3,53026,26526,14,.98825858000000000000
26600,3,53206,26606,14,.98748404000000000000
26700,3,53424,26725,15,1.00014198000000000000
26800,3,53610,26811,15,.99607632000000000000
26900,3,53795,26896,15,1.00126544000000000000
27000,3,53930,26931,16,1.00109956000000000000
27100,3,54141,27042,16,1.00059694000000000000
27200,3,54320,27121,15,1.00216686000000000000
27300,3,54649,27349,14,1.01959348000000000000
27400,3,54806,27407,15,1.02079100000000000000
27500,3,55049,27550,15,1.01850172000000000000
27600,3,55266,27667,14,1.02406366000000000000
27700,3,55209,27509,14,1.04048258000000000000
27800,3,55643,27844,15,1.03257016000000000000
27900,3,56014,28115,15,1.05997200000000000000
28000,3,55975,27976,15,1.04984480000000000000
28100,3,55990,27890,14,1.03585840000000000000
28200,3,56456,28257,15,1.06277920000000000000
28300,3,56527,28228,17,1.05612980000000000000
28400,3,57008,28609,15,1.07114220000000000000
28500,3,56881,28382,15,1.06304880000000000000
28600,3,57472,28873,15,1.06536460000000000000
28700,3,57287,28588,15,1.06051660000000000000
28800,3,57462,28663,14,1.07007760000000000000
28900,3,57768,28868,15,1.07623240000000000000
29000,3,57927,28928,15,1.08164540000000000000
29100,3,58332,29233,15,1.09423280000000000000
29200,3,58379,29180,15,1.09937100000000000000
29300,3,58762,29463,15,1.10006680000000000000
29400,3,59052,29653,15,1.11248360000000000000
29500,3,58835,29336,15,1.10541660000000000000
29600,3,59165,29566,15,1.10114620000000000000
29700,3,59489,29790,15,1.10889160000000000000
29800,3,59658,29859,14,1.10954600000000000000
29900,3,59762,29862,14,1.12194520000000000000
30000,3,59743,29743,15,1.13196560000000000000
30100,3,60036,29937,16,1.12405860000000000000
30200,3,60426,30227,14,1.12891220000000000000
30300,3,60497,30198,15,1.12440640000000000000
30400,3,60744,30345,15,1.14131640000000000000
30500,3,61078,30578,14,1.14079340000000000000
30600,3,61416,30816,16,1.15050160000000000000
30700,3,61119,30420,15,1.14109000000000000000
30800,3,61710,30911,15,1.15579500000000000000
30900,3,62005,31105,15,1.15466720000000000000
31000,3,61873,30873,14,1.14959160000000000000
31100,3,61685,30586,15,1.14940740000000000000
31200,3,62490,31291,15,1.17492240000000000000
31300,3,62824,31525,16,1.15697080000000000000
31400,3,62917,31518,15,1.17568300000000000000
31500,3,62716,31217,15,1.16226260000000000000
31600,3,63105,31506,16,1.16936860000000000000
31700,3,63516,31817,16,1.18084460000000000000
31800,3,63906,32107,15,1.18721580000000000000
31900,3,63797,31898,16,1.19180680000000000000
32000,3,64190,32191,15,1.17847180000000000000
32100,3,64306,32207,15,1.20746980000000000000
32200,3,64589,32390,15,1.20757040000000000000
32300,3,64710,32411,15,1.21094480000000000000
32400,3,64663,32263,15,1.20560180000000000000
32500,3,65023,32524,16,1.20923380000000000000
32600,3,65263,32664,17,1.21879740000000000000
32700,3,65686,32986,15,1.20983460000000000000
32800,3,65465,32665,14,1.22268460000000000000
32900,3,65979,33080,15,1.22426440000000000000
33000,3,66162,33163,16,1.24165300000000000000
33100,3,66115,33015,14,1.22683680000000000000
33200,3,66347,33148,15,1.24172560000000000000
33300,3,66398,33098,15,1.22251940000000000000
33400,3,67269,33869,15,1.25428020000000000000
33500,3,67007,33508,16,1.24833800000000000000
33600,3,67177,33578,15,1.25820680000000000000
33700,3,67164,33465,15,1.24207820000000000000
33800,3,67624,33825,16,1.26517740000000000000
33900,3,67640,33741,15,1.24108140000000000000
34000,3,67833,33834,16,1.23237300000000000000
34100,3,68212,34113,16,1.24001500000000000000
34200,3,68413,34214,16,1.25992780000000000000
34300,3,68552,34253,16,1.30498960000000000000
34400,3,68485,34086,16,1.28091100000000000000
34500,3,69151,34652,15,1.30584120000000000000
34600,3,69150,34550,14,1.29647740000000000000
34700,3,69552,34853,16,1.30171580000000000000
34800,3,69435,34635,15,1.30757320000000000000
34900,3,69810,34911,15,1.32241060000000000000
35000,3,70132,35132,14,1.30355340000000000000
35100,3,70218,35119,16,1.32054380000000000000
35200,3,70541,35342,16,1.33243820000000000000
35300,3,70550,35251,17,1.32441200000000000000
35400,3,70978,35579,16,1.32797460000000000000
35500,3,70817,35317,14,1.32348580000000000000
35600,3,71330,35730,15,1.33630880000000000000
35700,3,71279,35580,16,1.35124500000000000000
35800,3,71818,36019,15,1.34971840000000000000
35900,3,71483,35584,15,1.34379640000000000000
36000,3,72012,36013,16,1.34916180000000000000
36100,3,72210,36111,16,1.35213260000000000000
36200,3,72591,36392,16,1.34768280000000000000
36300,3,72659,36360,15,1.35752560000000000000
36400,3,73023,36624,16,1.36445420000000000000
36500,3,72806,36306,15,1.36124740000000000000
36600,3,73153,36553,14,1.37444220000000000000
36700,3,73740,37041,16,1.40631360000000000000
36800,3,73757,36958,16,1.38684200000000000000
36900,3,73857,36958,15,1.39670320000000000000
37000,3,73919,36920,16,1.39330420000000000000
37100,3,74142,37043,16,1.38881000000000000000
37200,3,74492,37293,16,1.40382840000000000000
37300,3,74404,37105,15,1.40071080000000000000
37400,3,74858,37458,15,1.40878420000000000000
37500,3,75030,37531,16,1.41527840000000000000
37600,3,75288,37688,14,1.41665280000000000000
37700,3,75542,37843,15,1.41972420000000000000
37800,3,75565,37766,16,1.42480380000000000000
37900,3,75512,37613,15,1.40861720000000000000
38000,3,75803,37804,15,1.42601320000000000000
38100,3,76314,38215,16,1.43124580000000000000
38200,3,76664,38465,17,1.42129300000000000000
38300,3,76429,38130,15,1.42516940000000000000
38400,3,76827,38428,16,1.43508000000000000000
38500,3,77034,38534,14,1.43496960000000000000
38600,3,77192,38593,15,1.46310300000000000000
38700,3,77428,38728,15,1.45478360000000000000
38800,3,77670,38871,16,1.46228300000000000000
38900,3,77694,38795,15,1.45244460000000000000
39000,3,78075,39076,16,1.47908500000000000000
39100,3,78515,39416,15,1.47473760000000000000
39200,3,78369,39169,14,1.48033000000000000000
39300,3,78872,39572,16,1.48235700000000000000
39400,3,78986,39586,15,1.49042380000000000000
39500,3,79044,39545,16,1.47045140000000000000
39600,3,79601,40001,15,1.51633480000000000000
39700,3,79092,39393,16,1.50045300000000000000
39800,3,79790,39991,16,1.49681320000000000000
39900,3,79978,40079,16,1.54884040000000000000
40000,3,79897,39898,16,1.50795480000000000000
40100,3,80097,39997,15,1.49782160000000000000
40200,3,80336,40137,16,1.50939880000000000000
40300,3,80725,40426,16,1.51565300000000000000
40400,3,80689,40290,15,1.49959740000000000000
40500,3,80576,40077,15,1.52894780000000000000
40600,3,81274,40674,15,1.53642920000000000000
40700,3,81130,40431,16,1.51392800000000000000
40800,3,81648,40848,15,1.53506160000000000000
40900,3,81589,40690,16,1.54360320000000000000
41000,3,81944,40944,15,1.54416260000000000000
41100,3,82152,41052,15,1.54819300000000000000
41200,3,82483,41284,17,1.54286500000000000000
41300,3,82259,40960,16,1.55414660000000000000
41400,3,83222,41822,15,1.56933000000000000000
41500,3,82958,41458,16,1.56088420000000000000
41600,3,83015,41416,16,1.54929100000000000000
41700,3,83158,41459,15,1.58467680000000000000
41800,3,83374,41575,16,1.57879900000000000000
41900,3,83371,41472,16,1.56700000000000000000
42000,3,84061,42061,14,1.58041460000000000000
42100,3,84379,42280,16,1.57063900000000000000
42200,3,84530,42330,15,1.58557800000000000000
42300,3,84833,42533,16,1.58752560000000000000
42400,3,84480,42081,16,1.58400600000000000000
42500,3,84879,42380,15,1.60139140000000000000
42600,3,85548,42949,15,1.60882880000000000000
42700,3,85307,42608,16,1.61805440000000000000
42800,3,85883,43083,15,1.62621660000000000000
42900,3,85794,42895,15,1.60636440000000000000
43000,3,86445,43446,15,1.63608460000000000000
43100,3,86360,43261,15,1.63773420000000000000
43200,3,86311,43111,15,1.63659060000000000000
43300,3,86406,43107,16,1.65036140000000000000
43400,3,86807,43408,15,1.66388120000000000000
43500,3,87029,43529,14,1.66284140000000000000
43600,3,87358,43759,17,1.68179920000000000000
43700,3,87526,43826,15,1.68857480000000000000
43800,3,87437,43637,15,1.69250720000000000000
43900,3,88095,44195,15,1.70242300000000000000
44000,3,87753,43754,16,1.68866340000000000000
44100,3,88158,44059,15,1.61322420000000000000
44200,3,88431,44232,16,1.61198600000000000000
44300,3,88799,44500,16,1.63150820000000000000
44400,3,88879,44479,15,1.63885380000000000000
44500,3,89030,44531,17,1.69777120000000000000
44600,3,89310,44711,16,1.69176620000000000000
44700,3,89624,44925,16,1.70090640000000000000
44800,3,89470,44671,15,1.69881240000000000000
44900,3,89668,44768,15,1.71575680000000000000
45000,3,89564,44565,15,1.70898500000000000000
45100,3,90204,45105,17,1.71506340000000000000
45200,3,90356,45156,15,1.74155080000000000000
45300,3,90486,45187,15,1.73561840000000000000
45400,3,90798,45399,16,1.75077540000000000000
45500,3,90947,45448,15,1.76070280000000000000
45600,3,91201,45602,15,1.75686540000000000000
45700,3,91665,45966,17,1.65668160000000000000
45800,3,91589,45790,16,1.64720400000000000000
45900,3,91625,45726,16,1.69387040000000000000
46000,3,92036,46037,17,1.75690880000000000000
46100,3,91961,45862,15,1.76919640000000000000
46200,3,92080,45881,15,1.76023800000000000000
46300,3,92572,46273,16,1.77331240000000000000
46400,3,92743,46344,16,1.78635280000000000000
46500,3,93027,46528,16,1.78127720000000000000
46600,3,93466,46867,16,1.81624700000000000000
46700,3,93276,46576,14,1.80561940000000000000
46800,3,93589,46789,14,1.80337860000000000000
46900,3,93708,46808,14,1.80400120000000000000
47000,3,93869,46870,16,1.85028800000000000000
47100,3,94035,46936,17,1.88921140000000000000
47200,3,94504,47305,16,1.86682540000000000000
47300,3,94428,47128,15,1.87119740000000000000
47400,3,94658,47259,16,1.82608900000000000000
47500,3,94808,47309,17,1.68799160000000000000
47600,3,94897,47297,14,1.71360760000000000000
47700,3,95708,48009,16,1.70944020000000000000
47800,3,95471,47672,16,1.71526920000000000000
47900,3,95829,47930,16,1.74211280000000000000
48000,3,95590,47591,15,1.80877560000000000000
48100,3,96196,48097,16,1.80866780000000000000
48200,3,96484,48285,15,1.83729080000000000000
48300,3,97038,48739,16,1.84435420000000000000
48400,3,96755,48356,16,1.85874440000000000000
48500,3,96803,48304,16,1.87016260000000000000
48600,3,97185,48585,17,1.87523680000000000000
48700,3,97343,48644,16,1.87868300000000000000
48800,3,97522,48723,16,1.86003080000000000000
48900,3,98058,49158,15,1.90821280000000000000
49000,3,98064,49065,15,1.94633620000000000000
49100,3,98144,49045,16,1.94001860000000000000
49200,3,98670,49471,16,1.97304440000000000000
49300,3,98443,49144,16,1.94879460000000000000
49400,3,98876,49477,16,1.94373960000000000000
49500,3,99042,49543,16,1.79828060000000000000
49600,3,99177,49578,16,1.78373480000000000000
49700,3,99243,49543,16,1.78206600000000000000
49800,3,99964,50165,16,1.79228260000000000000
49900,3,99651,49752,16,1.79224980000000000000
50000,3,99737,49738,16,1.82836140000000000000
100,5,179,79,5,.00445262000000000000
200,5,406,207,9,.00762920000000000000
300,5,616,316,8,.01010012000000000000
400,5,822,423,9,.01364740000000000000
500,5,961,462,9,.01481822000000000000
600,5,1216,616,9,.01911058000000000000
700,5,1427,728,10,.02248692000000000000
800,5,1579,779,9,.02339814000000000000
900,5,1789,890,11,.02591212000000000000
1000,5,2002,1003,11,.02809876000000000000
1100,5,2144,1045,11,.02982008000000000000
1200,5,2363,1164,11,.03268028000000000000
1300,5,2609,1310,11,.03661194000000000000
1400,5,2836,1436,10,.03956356000000000000
1500,5,3032,1533,11,.04234172000000000000
1600,5,3173,1574,11,.04678648000000000000
1700,5,3390,1690,10,.04874710000000000000
1800,5,3593,1794,12,.05139054000000000000
1900,5,3799,1900,11,.05430394000000000000
2000,5,4062,2063,11,.05519558000000000000
2100,5,4303,2204,12,.05890786000000000000
2200,5,4391,2192,12,.06011200000000000000
2300,5,4595,2296,13,.06446580000000000000
2400,5,4651,2252,10,.06728246000000000000
2500,5,5094,2595,11,.07341144000000000000
2600,5,5222,2622,10,.07574438000000000000
2700,5,5397,2698,13,.07787190000000000000
2800,5,5544,2745,12,.07991176000000000000
2900,5,5856,2957,13,.08181424000000000000
3000,5,5944,2945,13,.08485546000000000000
3100,5,6247,3148,12,.08966286000000000000
3200,5,6419,3220,13,.09093370000000000000
3300,5,6560,3261,13,.09338072000000000000
3400,5,6754,3355,13,.08881280000000000000
3500,5,7161,3662,14,.09039620000000000000
3600,5,7259,3660,13,.09353304000000000000
3700,5,7268,3569,13,.09314270000000000000
3800,5,7624,3824,12,.09835164000000000000
3900,5,7692,3793,13,.09751864000000000000
4000,5,7979,3980,12,.10134490000000000000
4100,5,8201,4102,14,.10490542000000000000
4200,5,8355,4156,13,.10765160000000000000
4300,5,8667,4367,12,.11206868000000000000
4400,5,8722,4323,12,.11407900000000000000
4500,5,9029,4530,14,.11814210000000000000
4600,5,9223,4624,13,.11988186000000000000
4700,5,9426,4727,12,.12429610000000000000
4800,5,9458,4659,12,.12639646000000000000
4900,5,9800,4901,13,.12938008000000000000
5000,5,10093,5094,13,.13556886000000000000
5100,5,10136,5037,13,.13472658000000000000
5200,5,10470,5271,13,.13645864000000000000
5300,5,10523,5224,12,.14077506000000000000
5400,5,10806,5406,12,.14596648000000000000
5500,5,10921,5422,14,.15044314000000000000
5600,5,11298,5698,13,.15434966000000000000
5700,5,11466,5767,13,.15632004000000000000
5800,5,11723,5924,13,.16124626000000000000
5900,5,11739,5840,14,.16016794000000000000
6000,5,12022,6023,13,.16394396000000000000
6100,5,12183,6084,13,.16497466000000000000
6200,5,12284,6085,13,.16586558000000000000
6300,5,12641,6341,12,.18065070000000000000
6400,5,12892,6492,12,.18239076000000000000
6500,5,12917,6418,13,.18256420000000000000
6600,5,13091,6492,14,.18436926000000000000
6700,5,13412,6713,14,.18916738000000000000
6800,5,13477,6678,13,.18993248000000000000
6900,5,13827,6927,13,.19806418000000000000
7000,5,13964,6965,13,.19454686000000000000
7100,5,14073,6974,12,.19496666000000000000
7200,5,14493,7293,14,.18474838000000000000
7300,5,14689,7389,13,.18669116000000000000
7400,5,14783,7384,13,.18688270000000000000
7500,5,14944,7445,13,.18878710000000000000
7600,5,15165,7566,14,.19165542000000000000
7700,5,15225,7526,13,.19230350000000000000
7800,5,15541,7742,13,.19902984000000000000
7900,5,15779,7880,13,.20109330000000000000
8000,5,15958,7959,14,.20502084000000000000
8100,5,16287,8187,13,.21377048000000000000
8200,5,16372,8173,13,.21759776000000000000
8300,5,16572,8273,14,.21997472000000000000
8400,5,16600,8201,13,.22165302000000000000
8500,5,17104,8604,13,.22819152000000000000
8600,5,17183,8584,14,.22819858000000000000
8700,5,17349,8650,14,.22979678000000000000
8800,5,17561,8762,14,.23658314000000000000
8900,5,17776,8877,14,.23984590000000000000
9000,5,17984,8985,13,.24606652000000000000
9100,5,18224,9125,14,.24813254000000000000
9200,5,18372,9173,14,.24531944000000000000
9300,5,18501,9202,14,.25464254000000000000
9400,5,18735,9335,12,.25571678000000000000
9500,5,18991,9492,14,.25948806000000000000
9600,5,19305,9706,14,.26469690000000000000
9700,5,19487,9787,13,.27061608000000000000
9800,5,19486,9687,15,.27077240000000000000
9900,5,19918,10019,15,.28554886000000000000
10000,5,20005,10005,13,.28264692000000000000
10100,5,20156,10057,14,.28672660000000000000
10200,5,20427,10228,14,.28640102000000000000
10300,5,20498,10198,13,.28911652000000000000
10400,5,20844,10445,14,.29871086000000000000
10500,5,20906,10407,15,.29867834000000000000
10600,5,21140,10541,14,.30109956000000000000
10700,5,21241,10541,13,.27051516000000000000
10800,5,21542,10742,13,.27925898000000000000
10900,5,21989,11090,13,.28176830000000000000
11000,5,22045,11046,14,.28716366000000000000
11100,5,22155,11056,15,.28720326000000000000
11200,5,22421,11222,13,.29091096000000000000
11300,5,22509,11210,14,.29545056000000000000
11400,5,22811,11412,14,.29456490000000000000
11500,5,23001,11502,15,.29765466000000000000
11600,5,23270,11671,14,.31549792000000000000
11700,5,23528,11829,14,.31795356000000000000
11800,5,23565,11766,14,.31993296000000000000
11900,5,23683,11784,14,.32153746000000000000
12000,5,24112,12113,14,.32558142000000000000
12100,5,24333,12234,15,.33203142000000000000
12200,5,24578,12378,14,.33269982000000000000
12300,5,24379,12079,14,.33164368000000000000
12400,5,24800,12400,15,.33842060000000000000
12500,5,24987,12487,14,.34359724000000000000
12600,5,25242,12643,14,.34659584000000000000
12700,5,25311,12611,14,.34935744000000000000
12800,5,25739,12940,14,.36036474000000000000
12900,5,25675,12776,14,.35311884000000000000
13000,5,25872,12873,14,.35743418000000000000
13100,5,26133,13034,14,.36835812000000000000
13200,5,26498,13299,15,.37280902000000000000
13300,5,26580,13281,15,.38623386000000000000
13400,5,26680,13280,14,.38231224000000000000
13500,5,27016,13516,12,.38825622000000000000
13600,5,27209,13610,15,.39377816000000000000
13700,5,27301,13602,14,.39060960000000000000
13800,5,27685,13886,14,.40485896000000000000
13900,5,27863,13963,13,.38403352000000000000
14000,5,28002,14002,14,.38849226000000000000
14100,5,28107,14008,15,.38660440000000000000
14200,5,28508,14309,14,.38779632000000000000
14300,5,28722,14423,14,.39070308000000000000
14400,5,28793,14394,15,.39236664000000000000
14500,5,29010,14510,13,.39927912000000000000
14600,5,29292,14692,13,.39771650000000000000
14700,5,29521,14822,15,.40094314000000000000
14800,5,29681,14881,14,.40717814000000000000
14900,5,29826,14927,14,.38853112000000000000
15000,5,30084,15085,14,.39419230000000000000
15100,5,30391,15292,14,.39909674000000000000
15200,5,30636,15436,13,.39888950000000000000
15300,5,30485,15186,14,.40162440000000000000
15400,5,30508,15109,14,.39545602000000000000
15500,5,30849,15350,15,.39875728000000000000
15600,5,31174,15575,15,.41805872000000000000
15700,5,31319,15620,14,.43195870000000000000
15800,5,31530,15731,14,.43480884000000000000
15900,5,31957,16058,15,.44180720000000000000
16000,5,31969,15970,15,.43970314000000000000
16100,5,32262,16163,14,.44966838000000000000
16200,5,32238,16039,15,.44715646000000000000
16300,5,32680,16381,14,.45153016000000000000
16400,5,32804,16405,15,.45744612000000000000
16500,5,32958,16459,15,.45642868000000000000
16600,5,33330,16731,15,.46233096000000000000
16700,5,33383,16684,15,.46368294000000000000
16800,5,33565,16766,15,.47980298000000000000
16900,5,33694,16795,14,.46600690000000000000
17000,5,33982,16982,16,.46813304000000000000
17100,5,34133,17034,14,.48047314000000000000
17200,5,34469,17270,15,.47795274000000000000
17300,5,34651,17351,13,.47963960000000000000
17400,5,34724,17324,14,.47312044000000000000
17500,5,34975,17476,15,.47435802000000000000
17600,5,35219,17619,14,.48278154000000000000
17700,5,35347,17647,14,.48413278000000000000
17800,5,35503,17703,13,.49191830000000000000
17900,5,35803,17904,16,.49513208000000000000
18000,5,35919,17920,15,.48966510000000000000
18100,5,36244,18144,14,.49649038000000000000
18200,5,36259,18060,15,.49151286000000000000
18300,5,36324,18025,15,.49426766000000000000
18400,5,36769,18369,13,.50253998000000000000
18500,5,37049,18550,15,.50460848000000000000
18600,5,37193,18594,15,.50589564000000000000
18700,5,37356,18656,13,.51453450000000000000
18800,5,37581,18782,15,.51715372000000000000
18900,5,37794,18895,15,.52412076000000000000
19000,5,37865,18866,15,.52478984000000000000
19100,5,38295,19196,15,.53163260000000000000
19200,5,38339,19139,15,.53218052000000000000
19300,5,38693,19394,15,.53178446000000000000
19400,5,38652,19253,16,.53306626000000000000
19500,5,38828,19329,14,.54472278000000000000
19600,5,38981,19382,15,.54237236000000000000
19700,5,39355,19656,15,.55307086000000000000
19800,5,39454,19654,14,.55267380000000000000
19900,5,39801,19902,14,.56166256000000000000
20000,5,39924,19924,14,.56347604000000000000
20100,5,40084,19984,14,.56420340000000000000
20200,5,40531,20331,14,.56576076000000000000
20300,5,40655,20355,14,.55871920000000000000
20400,5,41026,20627,15,.55706038000000000000
20500,5,40745,20245,14,.55221410000000000000
20600,5,40983,20384,15,.55515670000000000000
20700,5,41108,20408,13,.55767144000000000000
20800,5,41705,20906,15,.56631436000000000000
20900,5,42146,21246,15,.57319636000000000000
21000,5,42017,21017,15,.57153296000000000000
21100,5,42182,21083,15,.58041246000000000000
21200,5,42309,21110,15,.58188958000000000000
21300,5,42476,21177,15,.58814226000000000000
21400,5,42821,21422,15,.58707336000000000000
21500,5,43007,21508,15,.59482794000000000000
21600,5,43285,21685,14,.59533266000000000000
21700,5,43496,21797,15,.60305670000000000000
21800,5,43918,22119,14,.60312050000000000000
21900,5,43860,21961,15,.61384228000000000000
22000,5,43915,21916,15,.61770134000000000000
22100,5,44091,21992,16,.61169008000000000000
22200,5,44112,21913,15,.61677784000000000000
22300,5,44549,22249,14,.63160658000000000000
22400,5,44776,22377,15,.62840042000000000000
22500,5,45481,22982,14,.63866440000000000000
22600,5,45312,22713,15,.64855708000000000000
22700,5,45161,22462,16,.64098310000000000000
22800,5,45646,22847,15,.65016138000000000000
22900,5,45624,22724,14,.65021484000000000000
23000,5,46135,23136,15,.65382020000000000000
23100,5,46155,23056,15,.66073678000000000000
23200,5,46463,23264,15,.66148326000000000000
23300,5,46595,23295,14,.61759628000000000000
23400,5,46692,23293,14,.61331572000000000000
23500,5,47125,23626,14,.61953626000000000000
23600,5,47265,23666,16,.62617054000000000000
23700,5,47237,23538,15,.62531118000000000000
23800,5,47768,23969,16,.63995002000000000000
23900,5,47806,23907,15,.66767976000000000000
24000,5,48233,24234,15,.67010230000000000000
24100,5,48176,24077,15,.68040046000000000000
24200,5,48261,24062,16,.67602976000000000000
24300,5,48458,24159,14,.67828406000000000000
24400,5,48523,24124,14,.67743430000000000000
24500,5,48839,24339,14,.69788312000000000000
24600,5,49164,24565,16,.69127866000000000000
24700,5,49453,24754,16,.69377268000000000000
24800,5,49776,24977,15,.69960780000000000000
24900,5,49935,25035,15,.70168440000000000000
25000,5,50181,25181,14,.70529764000000000000
25100,5,50066,24967,14,.69732232000000000000
25200,5,50298,25099,15,.70815110000000000000
25300,5,50880,25581,16,.71172896000000000000
25400,5,50793,25394,15,.71556774000000000000
25500,5,51030,25530,15,.73604276000000000000
25600,5,51247,25648,15,.73294142000000000000
25700,5,51681,25982,15,.73700010000000000000
25800,5,51552,25753,15,.73795208000000000000
25900,5,51858,25959,16,.73877946000000000000
26000,5,52356,26356,14,.75016052000000000000
26100,5,52223,26123,14,.73725804000000000000
26200,5,52309,26110,15,.70085522000000000000
26300,5,52507,26208,16,.69920970000000000000
26400,5,52640,26241,14,.69810706000000000000
26500,5,53085,26585,15,.70209326000000000000
26600,5,53213,26613,14,.70845306000000000000
26700,5,53478,26779,16,.75727170000000000000
26800,5,53535,26736,15,.75161250000000000000
26900,5,53967,27068,16,.74355768000000000000
27000,5,54147,27148,16,.75880100000000000000
27100,5,54096,26997,16,.76506952000000000000
27200,5,54277,27078,14,.76535100000000000000
27300,5,54876,27576,15,.78841494000000000000
27400,5,54829,27430,15,.76646902000000000000
27500,5,55119,27620,16,.77858778000000000000
27600,5,55274,27675,14,.77447484000000000000
27700,5,55346,27646,13,.78516476000000000000
27800,5,55843,28044,16,.79786944000000000000
27900,5,55901,28002,15,.78742198000000000000
28000,5,56077,28078,15,.79249624000000000000
28100,5,56144,28044,14,.79217518000000000000
28200,5,56502,28303,16,.80615712000000000000
28300,5,56472,28173,15,.80748294000000000000
28400,5,56892,28493,15,.81797606000000000000
28500,5,56880,28381,15,.81409544000000000000
28600,5,57394,28795,17,.81679410000000000000
28700,5,57571,28872,16,.80778868000000000000
28800,5,57696,28897,16,.79754778000000000000
28900,5,58207,29307,15,.81458726000000000000
29000,5,57826,28827,15,.79957894000000000000
29100,5,58072,28973,16,.80455882000000000000
29200,5,58267,29068,16,.81622846000000000000
29300,5,58803,29504,16,.79245630000000000000
29400,5,58452,29053,15,.78435120000000000000
29500,5,58974,29475,16,.78424864000000000000
29600,5,59200,29601,15,.83784192000000000000
29700,5,59361,29662,15,.83168280000000000000
29800,5,59424,29625,15,.83899800000000000000
29900,5,60024,30124,14,.84814926000000000000
30000,5,59841,29841,15,.84881620000000000000
30100,5,60480,30381,16,.84829220000000000000
30200,5,60346,30147,14,.85445284000000000000
30300,5,60524,30225,16,.85566630000000000000
30400,5,60529,30130,16,.86063872000000000000
30500,5,61280,30780,15,.88799752000000000000
30600,5,61353,30753,15,.89202612000000000000
30700,5,61567,30868,15,.89591544000000000000
30800,5,61716,30917,16,.90359134000000000000
30900,5,61930,31030,15,.86597538000000000000
31000,5,62026,31026,15,.88502330000000000000
31100,5,62072,30973,15,.88157870000000000000
31200,5,62576,31377,16,.85872622000000000000
31300,5,62636,31337,16,.85191344000000000000
31400,5,63144,31745,15,.85173004000000000000
31500,5,62948,31449,16,.85071458000000000000
31600,5,63127,31528,16,.88586068000000000000
31700,5,63470,31771,16,.89226218000000000000
31800,5,63411,31612,15,.90350292000000000000
31900,5,63754,31855,15,.90880608000000000000
32000,5,64047,32048,15,.89755728000000000000
32100,5,64390,32291,15,.91192810000000000000
32200,5,64597,32398,16,.91170554000000000000
32300,5,64495,32196,16,.91215120000000000000
32400,5,64872,32472,15,.92885960000000000000
32500,5,65119,32620,16,.91633588000000000000
32600,5,65498,32899,17,.92635512000000000000
32700,5,65496,32796,16,.92295122000000000000
32800,5,65553,32753,14,.93682954000000000000
32900,5,66241,33342,15,.96337878000000000000
33000,5,66048,33049,15,.95482774000000000000
33100,5,65922,32822,15,.96510052000000000000
33200,5,66656,33457,15,.97238072000000000000
33300,5,66399,33099,15,.95065258000000000000
33400,5,66942,33542,14,.94787378000000000000
33500,5,66742,33243,15,.94521364000000000000
33600,5,67450,33851,16,.94973318000000000000
33700,5,67406,33707,15,.94227904000000000000
33800,5,67722,33923,16,.94582456000000000000
33900,5,67760,33861,16,.94217206000000000000
34000,5,67992,33993,16,.96877234000000000000
34100,5,68167,34068,16,.92905928000000000000
34200,5,68264,34065,16,.91063616000000000000
34300,5,68720,34421,16,.91679016000000000000
34400,5,68948,34549,15,.93159568000000000000
34500,5,68773,34274,15,.98167344000000000000
34600,5,68997,34397,15,.98398444000000000000
34700,5,69371,34672,16,.99078470000000000000
34800,5,69913,35113,15,1.01118044000000000000
34900,5,69755,34856,15,1.00858234000000000000
35000,5,70031,35031,16,1.00712250000000000000
35100,5,70404,35305,17,1.01109984000000000000
35200,5,70456,35257,16,1.00151722000000000000
35300,5,70442,35143,16,1.03916526000000000000
35400,5,70605,35206,15,1.06181540000000000000
35500,5,70894,35394,15,1.06386220000000000000
35600,5,70839,35239,15,1.01504508000000000000
35700,5,71446,35747,16,1.00221686000000000000
35800,5,71507,35708,15,1.01602680000000000000
35900,5,71614,35715,16,.97764772000000000000
36000,5,72104,36105,17,.97735172000000000000
36100,5,72077,35978,16,.98200350000000000000
36200,5,72676,36477,16,.97827012000000000000
36300,5,72809,36510,17,.99180840000000000000
36400,5,72882,36483,16,.99763186000000000000
36500,5,72840,36340,14,1.02939326000000000000
36600,5,73398,36798,15,1.03237860000000000000
36700,5,73776,37077,16,1.05133660000000000000
36800,5,73508,36709,16,1.03335240000000000000
36900,5,73797,36898,17,1.04141060000000000000
37000,5,73885,36886,17,1.05309900000000000000
37100,5,74072,36973,16,1.03833840000000000000
37200,5,73903,36704,15,1.04185560000000000000
37300,5,74797,37498,16,1.06042000000000000000
37400,5,74887,37487,14,1.05188100000000000000
37500,5,75020,37521,16,1.05486100000000000000
37600,5,75269,37669,14,1.05295540000000000000
37700,5,75471,37772,16,1.06665600000000000000
37800,5,75826,38027,18,1.06361680000000000000
37900,5,75586,37687,15,1.05903200000000000000
38000,5,76116,38117,16,1.07398500000000000000
38100,5,76138,38039,16,1.08038200000000000000
38200,5,76343,38144,16,1.08697480000000000000
38300,5,76727,38428,16,1.08200960000000000000
38400,5,76877,38478,16,1.08221700000000000000
38500,5,76931,38431,15,1.07909520000000000000
38600,5,77226,38627,16,1.08414300000000000000
38700,5,77537,38837,15,1.08592840000000000000
38800,5,77677,38878,16,1.09119980000000000000
38900,5,77625,38726,15,1.09235260000000000000
39000,5,77828,38829,16,1.10077860000000000000
39100,5,78285,39186,15,1.10414080000000000000
39200,5,78270,39070,16,1.11623980000000000000
39300,5,78628,39328,15,1.11028880000000000000
39400,5,79003,39603,15,1.11449020000000000000
39500,5,79083,39584,16,1.10565700000000000000
39600,5,79210,39610,15,1.12420720000000000000
39700,5,79426,39727,17,1.14672060000000000000
39800,5,79735,39936,16,1.12644380000000000000
39900,5,79738,39839,15,1.12724680000000000000
40000,5,80233,40234,16,1.14494320000000000000
40100,5,80165,40065,15,1.13703100000000000000
40200,5,80365,40166,17,1.13497140000000000000
40300,5,80812,40513,15,1.13591160000000000000
40400,5,80901,40502,15,1.14462020000000000000
40500,5,80958,40459,16,1.15441880000000000000
40600,5,81233,40633,15,1.15077420000000000000
40700,5,81129,40430,15,1.14519320000000000000
40800,5,81631,40831,15,1.14910700000000000000
40900,5,81475,40576,16,1.15502800000000000000
41000,5,82186,41186,15,1.16779160000000000000
41100,5,82266,41166,15,1.17156840000000000000
41200,5,82480,41281,16,1.16717840000000000000
41300,5,82297,40998,15,1.16826880000000000000
41400,5,83148,41748,15,1.18182120000000000000
41500,5,83044,41544,16,1.18590280000000000000
41600,5,83100,41501,16,1.18057160000000000000
41700,5,83288,41589,16,1.18624580000000000000
41800,5,83601,41802,16,1.20691340000000000000
41900,5,83791,41892,16,1.18075880000000000000
42000,5,84290,42290,15,1.19267760000000000000
42100,5,84325,42226,16,1.20392200000000000000
42200,5,84569,42369,15,1.20400300000000000000
42300,5,84696,42396,15,1.20108220000000000000
42400,5,84643,42244,15,1.20095760000000000000
42500,5,84988,42489,15,1.20990120000000000000
42600,5,85511,42912,16,1.20692160000000000000
42700,5,85286,42587,16,1.20897720000000000000
42800,5,85399,42599,15,1.20266120000000000000
42900,5,85999,43100,16,1.21712080000000000000
43000,5,85787,42788,16,1.21073880000000000000
43100,5,86484,43385,15,1.22113240000000000000
43200,5,86771,43571,15,1.23519700000000000000
43300,5,86530,43231,17,1.23435860000000000000
43400,5,86665,43266,16,1.22329340000000000000
43500,5,86899,43399,14,1.24104480000000000000
43600,5,87387,43788,16,1.23840540000000000000
43700,5,87674,43974,16,1.24928560000000000000
43800,5,87787,43987,15,1.23798200000000000000
43900,5,87527,43627,15,1.24962100000000000000
44000,5,87956,43957,16,1.23588680000000000000
44100,5,88004,43905,16,1.23949140000000000000
44200,5,88681,44482,16,1.27690380000000000000
44300,5,88406,44107,17,1.25387900000000000000
44400,5,88807,44407,15,1.27463480000000000000
44500,5,89010,44511,17,1.26939540000000000000
44600,5,89031,44432,16,1.26503400000000000000
44700,5,89556,44857,16,1.27200080000000000000
44800,5,89123,44324,15,1.26366080000000000000
44900,5,89935,45035,15,1.28270980000000000000
45000,5,89771,44772,16,1.27900520000000000000
45100,5,90223,45124,17,1.27534520000000000000
45200,5,90409,45209,15,1.27806940000000000000
45300,5,90743,45444,16,1.27828900000000000000
45400,5,90743,45344,16,1.29654480000000000000
45500,5,91429,45930,18,1.29674600000000000000
45600,5,91133,45534,15,1.29188600000000000000
45700,5,91122,45423,16,1.29254100000000000000
45800,5,91337,45538,16,1.30511920000000000000
45900,5,91682,45783,16,1.29569540000000000000
46000,5,92034,46035,16,1.31603420000000000000
46100,5,92050,45951,16,1.29629540000000000000
46200,5,92305,46106,16,1.30482480000000000000
46300,5,92636,46337,17,1.33600220000000000000
46400,5,92665,46266,17,1.30969360000000000000
46500,5,92973,46474,17,1.31705240000000000000
46600,5,93587,46988,17,1.33885800000000000000
46700,5,93635,46935,16,1.32434580000000000000
46800,5,93511,46711,15,1.33416700000000000000
46900,5,94026,47126,15,1.32874720000000000000
47000,5,94107,47108,16,1.33667160000000000000
47100,5,94005,46906,16,1.34012520000000000000
47200,5,94287,47088,16,1.34269780000000000000
47300,5,94739,47439,16,1.34577080000000000000
47400,5,94776,47377,16,1.35142460000000000000
47500,5,94954,47455,16,1.33290440000000000000
47600,5,95346,47746,16,1.35071780000000000000
47700,5,95500,47801,17,1.37275560000000000000
47800,5,95699,47900,15,1.36231760000000000000
47900,5,95880,47981,16,1.34306360000000000000
48000,5,95927,47928,16,1.37389000000000000000
48100,5,95897,47798,16,1.37762560000000000000
48200,5,96436,48237,15,1.36061240000000000000
48300,5,96834,48535,16,1.38041840000000000000
48400,5,96596,48197,17,1.36453220000000000000
48500,5,97035,48536,16,1.38502100000000000000
48600,5,96833,48233,15,1.37771100000000000000
48700,5,97829,49130,17,1.38169000000000000000
48800,5,97596,48797,16,1.39568460000000000000
48900,5,98153,49253,14,1.40461160000000000000
49000,5,98099,49100,16,1.39419400000000000000
49100,5,98252,49153,17,1.40666180000000000000
49200,5,98555,49356,16,1.40431920000000000000
49300,5,98428,49129,16,1.40055920000000000000
49400,5,99318,49919,16,1.41353500000000000000
49500,5,98845,49346,15,1.42170660000000000000
49600,5,99113,49514,17,1.40716220000000000000
49700,5,99603,49903,14,1.42057880000000000000
49800,5,99557,49758,16,1.42472540000000000000
49900,5,99616,49717,16,1.40770840000000000000
50000,5,100194,50195,16,1.41926300000000000000
100,7,180,80,5,.00447528000000000000
200,7,404,205,9,.00785022000000000000
300,7,611,311,8,.00990960000000000000
400,7,786,387,9,.01297054000000000000
500,7,1000,501,9,.01520700000000000000
600,7,1213,613,9,.01760274000000000000
700,7,1419,720,11,.02145212000000000000
800,7,1613,813,8,.02360596000000000000
900,7,1771,872,10,.02446594000000000000
1000,7,1988,989,10,.02717064000000000000
1100,7,2234,1135,11,.02997338000000000000
1200,7,2338,1139,10,.03139174000000000000
1300,7,2610,1311,12,.03471586000000000000
1400,7,2785,1385,10,.03684162000000000000
1500,7,3025,1526,11,.04080480000000000000
1600,7,3179,1580,12,.04316406000000000000
1700,7,3413,1713,11,.04532494000000000000
1800,7,3565,1766,11,.04879346000000000000
1900,7,3822,1923,11,.05083302000000000000
2000,7,3918,1919,10,.05227298000000000000
2100,7,4249,2150,12,.05520192000000000000
2200,7,4364,2165,12,.05826174000000000000
2300,7,4651,2352,12,.06301546000000000000
2400,7,4836,2437,12,.06388314000000000000
2500,7,5028,2529,12,.07092908000000000000
2600,7,5191,2591,10,.06914190000000000000
2700,7,5380,2681,12,.07101490000000000000
2800,7,5565,2766,13,.07272878000000000000
2900,7,5853,2954,12,.07525844000000000000
3000,7,5974,2975,13,.07717928000000000000
3100,7,6073,2974,12,.07747480000000000000
3200,7,6337,3138,11,.08127744000000000000
3300,7,6633,3334,13,.08470970000000000000
3400,7,6750,3351,12,.08879388000000000000
3500,7,7098,3599,12,.09363432000000000000
3600,7,7224,3625,13,.09513626000000000000
3700,7,7365,3666,13,.09535558000000000000
3800,7,7565,3765,11,.09922112000000000000
3900,7,7889,3990,13,.10139884000000000000
4000,7,7906,3907,13,.10088510000000000000
4100,7,8246,4147,12,.10359082000000000000
4200,7,8380,4181,13,.10641764000000000000
4300,7,8671,4371,12,.11181182000000000000
4400,7,8848,4449,12,.11448268000000000000
4500,7,8936,4437,12,.11458964000000000000
4600,7,9258,4659,13,.12002024000000000000
4700,7,9388,4689,12,.12291052000000000000
4800,7,9512,4713,12,.12142222000000000000
4900,7,9913,5014,13,.12881108000000000000
5000,7,9896,4897,12,.12496304000000000000
5100,7,10251,5152,14,.13006774000000000000
5200,7,10519,5320,13,.13591214000000000000
5300,7,10497,5198,13,.13462360000000000000
5400,7,10859,5459,12,.13819270000000000000
5500,7,10999,5500,13,.14162718000000000000
5600,7,11225,5625,12,.14778664000000000000
5700,7,11389,5690,14,.14542238000000000000
5800,7,11569,5770,14,.14740168000000000000
5900,7,11837,5938,13,.14912864000000000000
6000,7,12022,6023,13,.15240814000000000000
6100,7,12199,6100,13,.15568400000000000000
6200,7,12512,6313,14,.15892140000000000000
6300,7,12494,6194,12,.15801750000000000000
6400,7,12978,6578,13,.16430426000000000000
6500,7,12911,6412,14,.16439086000000000000
6600,7,13127,6528,13,.16823784000000000000
6700,7,13274,6575,13,.16766920000000000000
6800,7,13572,6773,12,.17012776000000000000
6900,7,13852,6952,13,.17917236000000000000
7000,7,14056,7057,13,.17985960000000000000
7100,7,14196,7097,12,.17911130000000000000
7200,7,14196,6996,12,.17776016000000000000
7300,7,14709,7409,12,.18788432000000000000
7400,7,14706,7307,13,.18870382000000000000
7500,7,14941,7442,13,.19049804000000000000
7600,7,15094,7495,13,.19178334000000000000
7700,7,15374,7675,13,.19275644000000000000
7800,7,15586,7787,13,.20495778000000000000
7900,7,15877,7978,14,.20092826000000000000
8000,7,16034,8035,14,.20346318000000000000
8100,7,16296,8196,12,.20768312000000000000
8200,7,16478,8279,14,.20685092000000000000
8300,7,16691,8392,14,.20999142000000000000
8400,7,16679,8280,13,.21583928000000000000
8500,7,17091,8591,14,.21650544000000000000
8600,7,17219,8620,13,.21750104000000000000
8700,7,17387,8688,13,.21674424000000000000
8800,7,17647,8848,13,.22213738000000000000
8900,7,17920,9021,15,.22370934000000000000
9000,7,17957,8958,13,.22434454000000000000
9100,7,18240,9141,14,.23008734000000000000
9200,7,18552,9353,14,.23345178000000000000
9300,7,18473,9174,14,.23457746000000000000
9400,7,18772,9372,13,.23777456000000000000
9500,7,18931,9432,14,.23889602000000000000
9600,7,19210,9611,14,.24388932000000000000
9700,7,19433,9733,12,.24781220000000000000
9800,7,19536,9737,14,.24654246000000000000
9900,7,19867,9968,13,.25166892000000000000
10000,7,20194,10194,13,.25442156000000000000
10100,7,20221,10122,14,.25476204000000000000
10200,7,20450,10251,14,.25449968000000000000
10300,7,20449,10149,14,.25437262000000000000
10400,7,20901,10502,14,.26107120000000000000
10500,7,21222,10723,14,.26964504000000000000
10600,7,21233,10634,14,.26670662000000000000
10700,7,21446,10746,13,.27417932000000000000
10800,7,21771,10971,13,.27749842000000000000
10900,7,21753,10854,15,.27621272000000000000
11000,7,22237,11238,14,.28375690000000000000
11100,7,22323,11224,15,.28140064000000000000
11200,7,22380,11181,13,.28218332000000000000
11300,7,22651,11352,14,.28843370000000000000
11400,7,22888,11489,15,.28935936000000000000
11500,7,22918,11419,14,.28822434000000000000
11600,7,23077,11478,13,.29369324000000000000
11700,7,23552,11853,14,.29303830000000000000
11800,7,23493,11694,14,.29424984000000000000
11900,7,23739,11840,14,.30047378000000000000
12000,7,24179,12180,14,.30560186000000000000
12100,7,24246,12147,14,.30321996000000000000
12200,7,24486,12286,14,.31015812000000000000
12300,7,24582,12282,13,.30562656000000000000
12400,7,24635,12235,14,.31432814000000000000
12500,7,24941,12441,14,.31786404000000000000
12600,7,25225,12626,14,.31956782000000000000
12700,7,25235,12535,13,.31665978000000000000
12800,7,25633,12834,15,.32676994000000000000
12900,7,25812,12913,14,.32429802000000000000
13000,7,25949,12950,14,.32796350000000000000
13100,7,26214,13115,14,.33268548000000000000
13200,7,26463,13264,15,.33084386000000000000
13300,7,26642,13343,16,.34038888000000000000
13400,7,26699,13299,13,.33232426000000000000
13500,7,26955,13455,12,.34422824000000000000
13600,7,27244,13645,15,.34222584000000000000
13700,7,27525,13826,15,.35197220000000000000
13800,7,27708,13909,14,.34905864000000000000
13900,7,27829,13929,13,.35088622000000000000
14000,7,28135,14135,13,.35096870000000000000
14100,7,28230,14131,14,.35456488000000000000
14200,7,28432,14233,15,.36142032000000000000
14300,7,28565,14266,14,.36492354000000000000
14400,7,28775,14376,14,.36496592000000000000
14500,7,28699,14199,14,.36666696000000000000
14600,7,29142,14542,13,.36757980000000000000
14700,7,29567,14868,15,.37485868000000000000
14800,7,29635,14835,14,.37459380000000000000
14900,7,30001,15102,14,.37838154000000000000
15000,7,30136,15137,14,.37931788000000000000
15100,7,30266,15167,16,.38218710000000000000
15200,7,30439,15239,13,.38258468000000000000
15300,7,30582,15283,14,.38895176000000000000
15400,7,30631,15232,15,.38137350000000000000
15500,7,30805,15306,14,.38765164000000000000
15600,7,31194,15595,14,.39153046000000000000
15700,7,31539,15840,15,.39719162000000000000
15800,7,31429,15630,14,.39621880000000000000
15900,7,31696,15797,14,.40014400000000000000
16000,7,31892,15893,14,.40753844000000000000
16100,7,32003,15904,14,.40313808000000000000
16200,7,32635,16436,15,.40847036000000000000
16300,7,32672,16373,14,.41017682000000000000
16400,7,32880,16481,15,.40953528000000000000
16500,7,32963,16464,14,.41547408000000000000
16600,7,33072,16473,14,.41537488000000000000
16700,7,33523,16824,14,.42978718000000000000
16800,7,33453,16654,15,.42620584000000000000
16900,7,33814,16915,14,.42609892000000000000
17000,7,33928,16928,14,.43265188000000000000
17100,7,34319,17220,15,.43250788000000000000
17200,7,34392,17193,14,.43544756000000000000
17300,7,34582,17282,14,.43157708000000000000
17400,7,34881,17481,13,.43604780000000000000
17500,7,35099,17600,15,.44040612000000000000
17600,7,35140,17540,13,.43740690000000000000
17700,7,35614,17914,14,.44573124000000000000
17800,7,35597,17797,14,.44835654000000000000
17900,7,35723,17824,16,.45058522000000000000
18000,7,35977,17978,15,.45640430000000000000
18100,7,36122,18022,14,.45614768000000000000
18200,7,36363,18164,15,.46025306000000000000
18300,7,36449,18150,14,.46042580000000000000
18400,7,36630,18230,14,.46579896000000000000
18500,7,36924,18425,14,.46305220000000000000
18600,7,37217,18618,16,.46881288000000000000
18700,7,37606,18906,14,.47640010000000000000
18800,7,37678,18879,15,.47582030000000000000
18900,7,37985,19086,15,.48441558000000000000
19000,7,38154,19155,15,.47343510000000000000
19100,7,38430,19331,15,.48777586000000000000
19200,7,38452,19252,14,.48581476000000000000
19300,7,38554,19255,15,.48131764000000000000
19400,7,38806,19407,15,.48582110000000000000
19500,7,38982,19483,14,.48671428000000000000
19600,7,39176,19577,15,.49149266000000000000
19700,7,39534,19835,15,.49922500000000000000
19800,7,39682,19882,14,.50369974000000000000
19900,7,40038,20139,14,.50323824000000000000
20000,7,40046,20046,14,.50094948000000000000
20100,7,40343,20243,14,.50449512000000000000
20200,7,40560,20360,14,.50146058000000000000
20300,7,40561,20261,14,.50526664000000000000
20400,7,40890,20491,16,.51084654000000000000
20500,7,41059,20559,14,.52014860000000000000
20600,7,41228,20629,15,.52085888000000000000
20700,7,41203,20503,13,.51211966000000000000
20800,7,41527,20728,15,.51795492000000000000
20900,7,41809,20909,13,.52208264000000000000
21000,7,42171,21171,14,.53481848000000000000
21100,7,42157,21058,15,.53157092000000000000
21200,7,42353,21154,15,.53068866000000000000
21300,7,42683,21384,15,.53449210000000000000
21400,7,42688,21289,16,.53772338000000000000
21500,7,42900,21401,14,.54667860000000000000
21600,7,43111,21511,14,.55367008000000000000
21700,7,43630,21931,15,.55213898000000000000
21800,7,43561,21762,15,.54833536000000000000
21900,7,44053,22154,15,.56081178000000000000
22000,7,43840,21841,15,.55480414000000000000
22100,7,44133,22034,16,.56019874000000000000
22200,7,44536,22337,15,.56114774000000000000
22300,7,44241,21941,14,.56075414000000000000
22400,7,44692,22293,15,.56938236000000000000
22500,7,45029,22530,14,.57274260000000000000
22600,7,45273,22674,15,.57775748000000000000
22700,7,45512,22813,14,.57379074000000000000
22800,7,45703,22904,15,.58181074000000000000
22900,7,45564,22664,14,.58413640000000000000
23000,7,46093,23094,15,.59227612000000000000
23100,7,46243,23144,15,.58986824000000000000
23200,7,46474,23275,15,.59831342000000000000
23300,7,46683,23383,14,.59316030000000000000
23400,7,46811,23412,14,.60918040000000000000
23500,7,47076,23577,15,.59746814000000000000
23600,7,47107,23508,15,.60237806000000000000
23700,7,47184,23485,16,.59939692000000000000
23800,7,47961,24162,15,.61100416000000000000
23900,7,47922,24023,15,.62358510000000000000
24000,7,47880,23881,15,.60648276000000000000
24100,7,48112,24013,15,.61779658000000000000
24200,7,48380,24181,14,.62055418000000000000
24300,7,48736,24437,15,.62482718000000000000
24400,7,48384,23985,14,.61070458000000000000
24500,7,48915,24415,14,.62133144000000000000
24600,7,49138,24539,15,.62660700000000000000
24700,7,49316,24617,16,.62800250000000000000
24800,7,49191,24392,15,.62861854000000000000
24900,7,49738,24838,14,.62756902000000000000
25000,7,50196,25196,14,.63790536000000000000
25100,7,50180,25081,14,.63947936000000000000
25200,7,50461,25262,16,.64098546000000000000
25300,7,50593,25294,15,.64399096000000000000
25400,7,50504,25105,14,.64703366000000000000
25500,7,51231,25731,15,.64234116000000000000
25600,7,51214,25615,15,.64591280000000000000
25700,7,51756,26057,15,.66075196000000000000
25800,7,51832,26033,16,.65671968000000000000
25900,7,51843,25944,15,.65518878000000000000
26000,7,51862,25862,15,.65757948000000000000
26100,7,52214,26114,15,.67397444000000000000
26200,7,52399,26200,15,.66109534000000000000
26300,7,52709,26410,16,.67005128000000000000
26400,7,52825,26426,15,.66564650000000000000
26500,7,52916,26416,14,.66108212000000000000
26600,7,53195,26595,14,.67260974000000000000
26700,7,53764,27065,15,.67789848000000000000
26800,7,53761,26962,15,.67770686000000000000
26900,7,53813,26914,16,.67397762000000000000
27000,7,53758,26759,15,.68262522000000000000
27100,7,53964,26865,15,.68533872000000000000
27200,7,54401,27202,15,.68211236000000000000
27300,7,54497,27197,15,.69399812000000000000
27400,7,54974,27575,16,.69011560000000000000
27500,7,55071,27572,15,.71028316000000000000
27600,7,54946,27347,16,.68772268000000000000
27700,7,55321,27621,14,.69498712000000000000
27800,7,55905,28106,17,.70315950000000000000
27900,7,55944,28045,15,.68532112000000000000
28000,7,55955,27956,15,.67614684000000000000
28100,7,55950,27850,14,.67493808000000000000
28200,7,56436,28237,15,.69548306000000000000
28300,7,56746,28447,16,.72322316000000000000
28400,7,56694,28295,15,.71795246000000000000
28500,7,56726,28227,15,.71439058000000000000
28600,7,57304,28705,16,.72141168000000000000
28700,7,57274,28575,15,.72851390000000000000
28800,7,57525,28726,15,.72942562000000000000
28900,7,57831,28931,15,.73645664000000000000
29000,7,58000,29001,15,.72735626000000000000
29100,7,58354,29255,15,.73662954000000000000
29200,7,58447,29248,15,.73747654000000000000
29300,7,58893,29594,15,.74180150000000000000
29400,7,58876,29477,15,.74073892000000000000
29500,7,59043,29544,15,.74837284000000000000
29600,7,59723,30124,15,.75035614000000000000
29700,7,59161,29462,15,.75330226000000000000
29800,7,59268,29469,16,.76562362000000000000
29900,7,60027,30127,14,.76412966000000000000
30000,7,59993,29993,14,.76306022000000000000
30100,7,60288,30189,15,.77626012000000000000
30200,7,60218,30019,15,.76111474000000000000
30300,7,60694,30395,16,.77066030000000000000
30400,7,60786,30387,16,.76635188000000000000
30500,7,60985,30485,14,.77938484000000000000
30600,7,61210,30610,15,.77875970000000000000
30700,7,61464,30765,16,.78436800000000000000
30800,7,61708,30909,15,.77799616000000000000
30900,7,61767,30867,15,.77738018000000000000
31000,7,61888,30888,14,.78306398000000000000
31100,7,62031,30932,15,.78659076000000000000
31200,7,62628,31429,15,.78994716000000000000
31300,7,62650,31351,16,.78604852000000000000
31400,7,62929,31530,15,.79527450000000000000
31500,7,62823,31324,15,.81524486000000000000
31600,7,63147,31548,16,.79891540000000000000
31700,7,63408,31709,17,.79869632000000000000
31800,7,63636,31837,16,.80982976000000000000
31900,7,63729,31830,16,.80359742000000000000
32000,7,63928,31929,15,.80112686000000000000
32100,7,64238,32139,15,.81251442000000000000
32200,7,64364,32165,15,.82681376000000000000
32300,7,64604,32305,16,.81553730000000000000
32400,7,64854,32454,15,.82253990000000000000
32500,7,65074,32575,15,.82419100000000000000
32600,7,65374,32775,16,.82888860000000000000
32700,7,65338,32638,14,.83139210000000000000
32800,7,65691,32891,15,.84143258000000000000
32900,7,65978,33079,15,.83641272000000000000
33000,7,66283,33284,16,.84312714000000000000
33100,7,66289,33189,16,.83565640000000000000
33200,7,66448,33249,15,.84389052000000000000
33300,7,66357,33057,15,.83752424000000000000
33400,7,67141,33741,14,.84795702000000000000
33500,7,66732,33233,16,.84564316000000000000
33600,7,67435,33836,15,.85290884000000000000
33700,7,67113,33414,15,.85746294000000000000
33800,7,67672,33873,15,.85172642000000000000
33900,7,67804,33905,16,.85202104000000000000
34000,7,68037,34038,15,.86373554000000000000
34100,7,68139,34040,15,.86172248000000000000
34200,7,68169,33970,16,.85103864000000000000
34300,7,68778,34479,15,.86848158000000000000
34400,7,69127,34728,15,.90013844000000000000
34500,7,68809,34310,16,.86388376000000000000
34600,7,69235,34635,15,.87742062000000000000
34700,7,69213,34514,16,.86853714000000000000
34800,7,69454,34654,15,.88943368000000000000
34900,7,69558,34659,16,.88324906000000000000
35000,7,69928,34928,15,.89408698000000000000
35100,7,70313,35214,15,.89209068000000000000
35200,7,70234,35035,16,.90289770000000000000
35300,7,70737,35438,17,.89781978000000000000
35400,7,70981,35582,16,.89793890000000000000
35500,7,70819,35319,15,.89761016000000000000
35600,7,71144,35544,15,.90597784000000000000
35700,7,71540,35841,15,.91576036000000000000
35800,7,71350,35551,15,.90156098000000000000
35900,7,71934,36035,16,.92313700000000000000
36000,7,71794,35795,16,.91428676000000000000
36100,7,72131,36032,15,.91447158000000000000
36200,7,72731,36532,17,.93104308000000000000
36300,7,72697,36398,15,.94639782000000000000
36400,7,72549,36150,15,.91458206000000000000
36500,7,73199,36699,14,.92603496000000000000
36600,7,73009,36409,14,.92612204000000000000
36700,7,73573,36874,15,.94102014000000000000
36800,7,73546,36747,16,.93790390000000000000
36900,7,73689,36790,16,.93340398000000000000
37000,7,74312,37313,15,.94545266000000000000
37100,7,73982,36883,16,.94701550000000000000
37200,7,74478,37279,15,.94765436000000000000
37300,7,74960,37661,16,.95684100000000000000
37400,7,74743,37343,15,.94702418000000000000
37500,7,75000,37501,14,.95567808000000000000
37600,7,75202,37602,15,.96075328000000000000
37700,7,75673,37974,16,.96443052000000000000
37800,7,75478,37679,17,.95432432000000000000
37900,7,75865,37966,16,.96787988000000000000
38000,7,75928,37929,16,.96767124000000000000
38100,7,76136,38037,16,.96395610000000000000
38200,7,76440,38241,16,.97139100000000000000
38300,7,76592,38293,16,.96526270000000000000
38400,7,76876,38477,16,.97804344000000000000
38500,7,76996,38496,15,.98309164000000000000
38600,7,77329,38730,17,.97926234000000000000
38700,7,77442,38742,15,.97387434000000000000
38800,7,77575,38776,16,.98516282000000000000
38900,7,77721,38822,15,.97745176000000000000
39000,7,78146,39147,16,.99227882000000000000
39100,7,78422,39323,16,.98997236000000000000
39200,7,78684,39484,15,1.01899628000000000000
39300,7,79047,39747,16,1.01165876000000000000
39400,7,78928,39528,15,1.00995768000000000000
39500,7,78859,39360,15,.99998524000000000000
39600,7,78833,39233,15,1.01349012000000000000
39700,7,79700,40001,17,1.01868236000000000000
39800,7,80043,40244,17,1.02462498000000000000
39900,7,79836,39937,16,1.02162080000000000000
40000,7,79782,39783,16,1.01069870000000000000
40100,7,80300,40200,15,1.02044788000000000000
40200,7,80273,40074,17,1.01920390000000000000
40300,7,80757,40458,16,1.01800864000000000000
40400,7,80564,40165,16,1.04447722000000000000
40500,7,81176,40677,16,1.04020446000000000000
40600,7,81048,40448,16,1.03066384000000000000
40700,7,81519,40820,16,1.03956848000000000000
40800,7,81951,41151,16,1.05841800000000000000
40900,7,81620,40721,17,1.02910720000000000000
41000,7,81916,40916,15,1.05982300000000000000
41100,7,82242,41142,15,1.03942960000000000000
41200,7,81971,40772,16,1.04439436000000000000
41300,7,82260,40961,15,1.04822900000000000000
41400,7,82638,41238,15,1.05220120000000000000
41500,7,82907,41407,16,1.05755300000000000000
41600,7,83044,41445,15,1.05630920000000000000
41700,7,83340,41641,16,1.05486940000000000000
41800,7,83333,41534,15,1.05782660000000000000
41900,7,83765,41866,16,1.08037840000000000000
42000,7,83630,41630,15,1.06270260000000000000
42100,7,84104,42005,17,1.07857920000000000000
42200,7,84738,42538,15,1.09381640000000000000
42300,7,84687,42387,15,1.07704700000000000000
42400,7,84567,42168,15,1.07079720000000000000
42500,7,84977,42478,16,1.07212140000000000000
42600,7,85368,42769,16,1.06883320000000000000
42700,7,85544,42845,16,1.08041920000000000000
42800,7,85546,42746,16,1.07759220000000000000
42900,7,86163,43264,17,1.09329780000000000000
43000,7,85828,42829,16,1.09108780000000000000
43100,7,86182,43083,15,1.08489880000000000000
43200,7,86552,43352,15,1.09182060000000000000
43300,7,86382,43083,16,1.08453000000000000000
43400,7,86757,43358,17,1.09371760000000000000
43500,7,86949,43449,14,1.11039980000000000000
43600,7,87111,43512,16,1.10434640000000000000
43700,7,87690,43990,15,1.11559600000000000000
43800,7,87865,44065,15,1.11628820000000000000
43900,7,87981,44081,14,1.13286560000000000000
44000,7,87802,43803,16,1.13895740000000000000
44100,7,87928,43829,16,1.13036000000000000000
44200,7,88442,44243,17,1.13586280000000000000
44300,7,88822,44523,16,1.15396640000000000000
44400,7,88814,44414,15,1.13589020000000000000
44500,7,89076,44577,17,1.09105080000000000000
44600,7,88907,44308,16,1.08502780000000000000
44700,7,89174,44475,16,1.08118960000000000000
44800,7,89898,45099,15,1.13341280000000000000
44900,7,89731,44831,15,1.14338300000000000000
45000,7,89919,44920,15,1.14422700000000000000
45100,7,90016,44917,16,1.13528480000000000000
45200,7,90264,45064,16,1.13752980000000000000
45300,7,90709,45410,16,1.15910620000000000000
45400,7,90983,45584,15,1.18221780000000000000
45500,7,90993,45494,17,1.16166300000000000000
45600,7,91286,45687,16,1.16308620000000000000
45700,7,91203,45504,16,1.17301320000000000000
45800,7,91668,45869,16,1.17548500000000000000
45900,7,91780,45881,17,1.18309340000000000000
46000,7,92136,46137,17,1.19586700000000000000
46100,7,92183,46084,15,1.21067720000000000000
46200,7,92423,46224,16,1.20553300000000000000
46300,7,92369,46070,17,1.19954420000000000000
46400,7,92694,46295,16,1.17689100000000000000
46500,7,93222,46723,17,1.18975360000000000000
46600,7,92980,46381,16,1.18110000000000000000
46700,7,93428,46728,16,1.19514920000000000000
46800,7,93392,46592,15,1.17908640000000000000
46900,7,93908,47008,16,1.19407540000000000000
47000,7,93925,46926,15,1.16474520000000000000
47100,7,94305,47206,18,1.17304400000000000000
47200,7,94270,47071,16,1.17075420000000000000
47300,7,94610,47310,15,1.20105140000000000000
47400,7,94610,47211,16,1.20516160000000000000
47500,7,95060,47561,17,1.20987260000000000000
47600,7,95368,47768,16,1.22618020000000000000
47700,7,95289,47590,17,1.21158320000000000000
47800,7,95520,47721,15,1.22183640000000000000
47900,7,96013,48114,16,1.21913940000000000000
48000,7,95848,47849,15,1.24976560000000000000
48100,7,96165,48066,17,1.26058620000000000000
48200,7,96401,48202,16,1.26268980000000000000
48300,7,96547,48248,16,1.22698520000000000000
48400,7,96841,48442,16,1.22842880000000000000
48500,7,97153,48654,17,1.22163000000000000000
48600,7,96917,48317,16,1.23499700000000000000
48700,7,97600,48901,16,1.25258680000000000000
48800,7,97515,48716,18,1.23090160000000000000
48900,7,98031,49131,16,1.23796820000000000000
49000,7,97838,48839,16,1.23077040000000000000
49100,7,98632,49533,16,1.22918400000000000000
49200,7,98632,49433,17,1.22370320000000000000
49300,7,98472,49173,16,1.20813340000000000000
49400,7,98699,49300,16,1.24571400000000000000
49500,7,99319,49820,15,1.26788920000000000000
49600,7,99505,49906,16,1.27437140000000000000
49700,7,99541,49841,16,1.26839580000000000000
49800,7,99413,49614,16,1.26189340000000000000
49900,7,99741,49842,16,1.26264140000000000000
50000,7,100163,50164,16,1.28430440000000000000
100,9,232,132,8,.00507168000000000000
200,9,404,205,9,.00750390000000000000
300,9,625,325,8,.01023406000000000000
400,9,806,407,10,.01252038000000000000
500,9,994,495,9,.01460264000000000000
600,9,1162,562,8,.01838618000000000000
700,9,1375,676,10,.02046564000000000000
800,9,1590,790,9,.02351922000000000000
900,9,1782,883,11,.02409070000000000000
1000,9,2012,1013,11,.02803030000000000000
1100,9,2172,1073,12,.02805304000000000000
1200,9,2396,1197,11,.03154602000000000000
1300,9,2593,1294,12,.03317108000000000000
1400,9,2788,1388,10,.03575634000000000000
1500,9,3003,1504,11,.03927744000000000000
1600,9,3158,1559,11,.04133882000000000000
1700,9,3376,1676,11,.04383698000000000000
1800,9,3624,1825,12,.04670174000000000000
1900,9,3756,1857,11,.04636468000000000000
2000,9,4022,2023,11,.04935566000000000000
2100,9,4257,2158,12,.05280906000000000000
2200,9,4387,2188,12,.05359628000000000000
2300,9,4633,2334,12,.05772404000000000000
2400,9,4797,2398,11,.05956170000000000000
2500,9,5035,2536,11,.06125206000000000000
2600,9,5304,2704,11,.06746650000000000000
2700,9,5402,2703,13,.06647304000000000000
2800,9,5584,2785,13,.06940328000000000000
2900,9,5803,2904,12,.07016484000000000000
3000,9,6039,3040,13,.07304576000000000000
3100,9,6135,3036,12,.07349042000000000000
3200,9,6482,3283,12,.07608956000000000000
3300,9,6752,3453,13,.08215700000000000000
3400,9,6761,3362,12,.08197030000000000000
3500,9,7200,3701,13,.09334478000000000000
3600,9,7201,3602,12,.09065522000000000000
3700,9,7474,3775,14,.09195736000000000000
3800,9,7511,3711,11,.09314060000000000000
3900,9,7812,3913,14,.09587398000000000000
4000,9,8008,4009,12,.09711706000000000000
4100,9,8174,4075,13,.10013132000000000000
4200,9,8433,4234,14,.10203680000000000000
4300,9,8686,4386,12,.10760780000000000000
4400,9,8962,4563,12,.11565574000000000000
4500,9,9027,4528,13,32.55123558000000000000
4600,9,9093,4494,13,.11770742000000000000
4700,9,9491,4792,14,.11864440000000000000
4800,9,9565,4766,12,.11923668000000000000
4900,9,9850,4951,13,.12289640000000000000
5000,9,10062,5063,13,.12704130000000000000
5100,9,10203,5104,14,.12310144000000000000
5200,9,10498,5299,14,.12915260000000000000
5300,9,10515,5216,13,.13065778000000000000
5400,9,10865,5465,11,.13289432000000000000
5500,9,10981,5482,13,.13295978000000000000
5600,9,11182,5582,12,.13694736000000000000
5700,9,11447,5748,14,.13659600000000000000
5800,9,11570,5771,13,.13970340000000000000
5900,9,11686,5787,13,.14051750000000000000
6000,9,12015,6016,12,.14289446000000000000
6100,9,12170,6071,14,.14568456000000000000
6200,9,12425,6226,13,.15029126000000000000
6300,9,12699,6399,12,.15350706000000000000
6400,9,12846,6446,14,.15448014000000000000
6500,9,12898,6399,14,.15542806000000000000
6600,9,13214,6615,14,.15871956000000000000
6700,9,13354,6655,14,.16032784000000000000
6800,9,13674,6875,13,.16381530000000000000
6900,9,13869,6969,12,.17267492000000000000
7000,9,14044,7045,13,.16862624000000000000
7100,9,14263,7164,13,.17130998000000000000
7200,9,14381,7181,12,.17498070000000000000
7300,9,14644,7344,13,.17659250000000000000
7400,9,14648,7249,13,.17478774000000000000
7500,9,15111,7612,13,.17863952000000000000
7600,9,15326,7727,14,.18151378000000000000
7700,9,15292,7593,14,.18259144000000000000
7800,9,15535,7736,13,.18886478000000000000
7900,9,16019,8120,14,.19050596000000000000
8000,9,16043,8044,14,.18834348000000000000
8100,9,16316,8216,12,.19552066000000000000
8200,9,16448,8249,13,.19756880000000000000
8300,9,16725,8426,14,.20552012000000000000
8400,9,16711,8312,14,.20529440000000000000
8500,9,16994,8494,13,.21177416000000000000
8600,9,17317,8718,14,.21325092000000000000
8700,9,17455,8756,14,.21476740000000000000
8800,9,17593,8794,13,.20997726000000000000
8900,9,17819,8920,14,.21234488000000000000
9000,9,17875,8876,13,.21466766000000000000
9100,9,18265,9166,14,.21791386000000000000
9200,9,18507,9308,15,.21750736000000000000
9300,9,18743,9444,14,.22522874000000000000
9400,9,18831,9431,12,.22052016000000000000
9500,9,19063,9564,14,.22574572000000000000
9600,9,19315,9716,14,.23013158000000000000
9700,9,19416,9716,13,.22929938000000000000
9800,9,19639,9840,14,.23215168000000000000
9900,9,19818,9919,13,.23396544000000000000
10000,9,20042,10042,13,.23444248000000000000
10100,9,20306,10207,14,.23980176000000000000
10200,9,20348,10149,14,.23625216000000000000
10300,9,20568,10268,15,.23856224000000000000
10400,9,20653,10254,13,.23914946000000000000
10500,9,21074,10575,14,.24474684000000000000
10600,9,21332,10733,13,.25040620000000000000
10700,9,21481,10781,14,.25962146000000000000
10800,9,21738,10938,14,.25848624000000000000
10900,9,21711,10812,14,.26310676000000000000
11000,9,22155,11156,14,.26563592000000000000
11100,9,22104,11005,15,.26420580000000000000
11200,9,22413,11214,14,.26699988000000000000
11300,9,22867,11568,15,.27661694000000000000
11400,9,22736,11337,14,.26963640000000000000
11500,9,22887,11388,14,.27382290000000000000
11600,9,23279,11680,14,.27978882000000000000
11700,9,23344,11645,14,.29232576000000000000
11800,9,23584,11785,14,.30487754000000000000
11900,9,23577,11678,14,.30047936000000000000
12000,9,24241,12242,14,.29882448000000000000
12100,9,24273,12174,14,.28729250000000000000
12200,9,24475,12275,13,.29139644000000000000
12300,9,24703,12403,13,.29216142000000000000
12400,9,24779,12379,14,.30114430000000000000
12500,9,25063,12563,14,.29737198000000000000
12600,9,25081,12482,14,.29523418000000000000
12700,9,25363,12663,13,.30039146000000000000
12800,9,25532,12733,15,.30492686000000000000
12900,9,25897,12998,15,.30283768000000000000
13000,9,26051,13052,15,.30182060000000000000
13100,9,26136,13037,14,.30749132000000000000
13200,9,26601,13402,15,.31243530000000000000
13300,9,26656,13357,15,.30989044000000000000
13400,9,26853,13453,14,.31232528000000000000
13500,9,27062,13562,12,.31113160000000000000
13600,9,27449,13850,15,.31638660000000000000
13700,9,27634,13935,15,.31899170000000000000
13800,9,27580,13781,15,.32122958000000000000
13900,9,27698,13798,14,.32896942000000000000
14000,9,27945,13945,14,.32669848000000000000
14100,9,28176,14077,14,.34056574000000000000
14200,9,28586,14387,15,.34144622000000000000
14300,9,28669,14370,14,.34891086000000000000
14400,9,28773,14374,15,.34743956000000000000
14500,9,29016,14516,14,.34767270000000000000
14600,9,29230,14630,13,.35050276000000000000
14700,9,29338,14639,14,.35835934000000000000
14800,9,29491,14691,14,.35713772000000000000
14900,9,29673,14774,15,.37714300000000000000
15000,9,30023,15024,14,.38565902000000000000
15100,9,30097,14998,14,.38160404000000000000
15200,9,30420,15220,13,.37574684000000000000
15300,9,30597,15298,15,.36412784000000000000
15400,9,30820,15421,14,.36649048000000000000
15500,9,30926,15427,15,.37281674000000000000
15600,9,31101,15502,14,.36738068000000000000
15700,9,31497,15798,14,.36335744000000000000
15800,9,31454,15655,14,.36463912000000000000
15900,9,31675,15776,15,.37014848000000000000
16000,9,31774,15775,14,.37172510000000000000
16100,9,32202,16103,15,.37195750000000000000
16200,9,32564,16365,15,.37587486000000000000
16300,9,32593,16294,14,.37660498000000000000
16400,9,32727,16328,15,.40534320000000000000
16500,9,33243,16744,14,.39777132000000000000
16600,9,33232,16633,15,.39250730000000000000
16700,9,33663,16964,14,.39719968000000000000
16800,9,33737,16938,15,.39570302000000000000
16900,9,33943,17044,14,.40610264000000000000
17000,9,33837,16837,14,.40042780000000000000
17100,9,34226,17127,14,.40398040000000000000
17200,9,34312,17113,15,.41646912000000000000
17300,9,34522,17222,14,.41531642000000000000
17400,9,34999,17599,14,.41829248000000000000
17500,9,34807,17308,15,.41892664000000000000
17600,9,35128,17528,14,.41711444000000000000
17700,9,35343,17643,13,.42523714000000000000
17800,9,35543,17743,14,.42604690000000000000
17900,9,35521,17622,15,.44136768000000000000
18000,9,35957,17958,15,.46786412000000000000
18100,9,36286,18186,14,.47050786000000000000
18200,9,36271,18072,15,.46393822000000000000
18300,9,36860,18561,15,.44746408000000000000
18400,9,36774,18374,14,.44287916000000000000
18500,9,37152,18653,15,.44715246000000000000
18600,9,36917,18318,15,.44149918000000000000
18700,9,37171,18471,14,.43377386000000000000
18800,9,37626,18827,15,.43420814000000000000
18900,9,37661,18762,15,.43649108000000000000
19000,9,38083,19084,15,.43560788000000000000
19100,9,38366,19267,16,.44232448000000000000
19200,9,38314,19114,14,.44927212000000000000
19300,9,38560,19261,14,.44353350000000000000
19400,9,38832,19433,15,.45193308000000000000
19500,9,39067,19568,14,.45655416000000000000
19600,9,38991,19392,15,.45750484000000000000
19700,9,39182,19483,14,.46173288000000000000
19800,9,39341,19541,13,.46297644000000000000
19900,9,39890,19991,14,.47041088000000000000
20000,9,39877,19877,14,.46811960000000000000
20100,9,40418,20318,14,.47567732000000000000
20200,9,40514,20314,14,.49117012000000000000
20300,9,40755,20455,14,.49177078000000000000
20400,9,40680,20281,15,.50151252000000000000
20500,9,40967,20467,14,.49093516000000000000
20600,9,41315,20716,15,.49813032000000000000
20700,9,41224,20524,14,.49652760000000000000
20800,9,41645,20846,15,.49785788000000000000
20900,9,41924,21024,14,.52632838000000000000
21000,9,42149,21149,14,.53124778000000000000
21100,9,42247,21148,15,.53824558000000000000
21200,9,42395,21196,15,.53384454000000000000
21300,9,42644,21345,15,.51224778000000000000
21400,9,42871,21472,15,.51897120000000000000
21500,9,43028,21529,16,.52095122000000000000
21600,9,43156,21556,14,.52162924000000000000
21700,9,43412,21713,15,.50339364000000000000
21800,9,43617,21818,15,.50557932000000000000
21900,9,43761,21862,15,.50957444000000000000
22000,9,43920,21921,15,.51454170000000000000
22100,9,44220,22121,15,.51363422000000000000
22200,9,44352,22153,16,.51689578000000000000
22300,9,44644,22344,15,.51766232000000000000
22400,9,44653,22254,16,.51717566000000000000
22500,9,45186,22687,15,.52891384000000000000
22600,9,45332,22733,15,.53036538000000000000
22700,9,45228,22529,14,.52720542000000000000
22800,9,45699,22900,15,.53904576000000000000
22900,9,45694,22794,15,.53860636000000000000
23000,9,46178,23179,15,.54405734000000000000
23100,9,46488,23389,15,.54665808000000000000
23200,9,46397,23198,15,.56734738000000000000
23300,9,46566,23266,15,.56913594000000000000
23400,9,47002,23603,15,.56300966000000000000
23500,9,47074,23575,15,.57250156000000000000
23600,9,47010,23411,15,.57087450000000000000
23700,9,47252,23553,16,.56704254000000000000
23800,9,47657,23858,16,.57632982000000000000
23900,9,48024,24125,15,34.59714506000000000000
24000,9,47983,23984,15,.61420230000000000000
24100,9,48301,24202,16,.61516544000000000000
24200,9,48255,24056,14,.58828272000000000000
24300,9,48367,24068,14,.58676876000000000000
24400,9,48842,24443,14,.58514800000000000000
24500,9,49012,24512,14,.59020796000000000000
24600,9,49168,24569,15,.56579362000000000000
24700,9,49370,24671,16,.57001478000000000000
24800,9,49456,24657,15,.56896762000000000000
24900,9,49853,24953,15,.57034114000000000000
25000,9,50012,25012,15,.56798760000000000000
25100,9,50126,25027,15,.57438196000000000000
25200,9,50244,25045,15,.58023436000000000000
25300,9,50605,25306,16,.60871418000000000000
25400,9,50859,25460,14,.61571860000000000000
25500,9,50981,25481,14,.60449170000000000000
25600,9,50943,25344,15,.60461386000000000000
25700,9,51536,25837,15,.61572170000000000000
25800,9,51776,25977,17,.62235482000000000000
25900,9,51962,26063,15,.61863870000000000000
26000,9,51864,25864,14,.62094318000000000000
26100,9,52097,25997,14,.62167456000000000000
26200,9,52141,25942,16,.62640154000000000000
26300,9,52505,26206,17,.62798642000000000000
26400,9,52860,26461,15,.64566258000000000000
26500,9,52928,26428,15,.63684652000000000000
26600,9,53158,26558,14,.63833190000000000000
26700,9,53439,26740,16,.63685660000000000000
26800,9,53462,26663,16,.64817898000000000000
26900,9,53651,26752,15,.64375800000000000000
27000,9,53839,26840,16,.64889194000000000000
27100,9,54104,27005,15,.64754710000000000000
27200,9,54324,27125,15,.65717628000000000000
27300,9,54532,27232,15,.65759278000000000000
27400,9,54891,27492,15,.65825972000000000000
27500,9,55153,27654,16,.66188392000000000000
27600,9,54951,27352,15,.65818348000000000000
27700,9,55179,27479,14,.66498502000000000000
27800,9,55728,27929,17,.67702920000000000000
27900,9,55924,28025,16,.67432220000000000000
28000,9,55899,27900,16,.67218070000000000000
28100,9,55982,27882,14,.66689386000000000000
28200,9,56463,28264,16,.67207134000000000000
28300,9,56587,28288,15,.66616882000000000000
28400,9,56951,28552,15,.67576742000000000000
28500,9,56983,28484,16,.67174940000000000000
28600,9,57239,28640,16,.68167072000000000000
28700,9,57393,28694,15,.68243328000000000000
28800,9,57799,29000,15,.68742860000000000000
28900,9,57867,28967,16,.69449504000000000000
29000,9,58139,29140,16,.69478252000000000000
29100,9,58065,28966,16,.69439724000000000000
29200,9,58509,29310,15,34.19452596000000000000
29300,9,58809,29510,15,.70944880000000000000
29400,9,58627,29228,15,.70397378000000000000
29500,9,58945,29446,16,.70562542000000000000
29600,9,59540,29941,15,.71609664000000000000
29700,9,59431,29732,15,.70066068000000000000
29800,9,59834,30035,16,.70850710000000000000
29900,9,59796,29896,14,.70758150000000000000
30000,9,59923,29923,15,.70815636000000000000
30100,9,60252,30153,16,.71100544000000000000
30200,9,60127,29928,15,.71097468000000000000
30300,9,60700,30401,16,.71906340000000000000
30400,9,60582,30183,15,.71938740000000000000
30500,9,61352,30852,15,.72841156000000000000
30600,9,61566,30966,15,.72588830000000000000
30700,9,61580,30881,16,.72334230000000000000
30800,9,61489,30690,16,.73087114000000000000
30900,9,61681,30781,15,.72728610000000000000
31000,9,62046,31046,14,.74133984000000000000
31100,9,62109,31010,16,.76073776000000000000
31200,9,62531,31332,15,.76024930000000000000
31300,9,62995,31696,16,.75190672000000000000
31400,9,62790,31391,15,.75593082000000000000
31500,9,62894,31395,14,.75601546000000000000
31600,9,63170,31571,16,.77581172000000000000
31700,9,63445,31746,16,.77409296000000000000
31800,9,63840,32041,17,.78543092000000000000
31900,9,63751,31852,15,.78095936000000000000
32000,9,64096,32097,16,.76836544000000000000
32100,9,64123,32024,15,.76646412000000000000
32200,9,64308,32109,16,.77619724000000000000
32300,9,64937,32638,16,.77489862000000000000
32400,9,64646,32246,15,.77428512000000000000
32500,9,64835,32336,15,.77773296000000000000
32600,9,65165,32566,16,.78154554000000000000
32700,9,65351,32651,15,.76113814000000000000
32800,9,65803,33003,16,.75728296000000000000
32900,9,65804,32905,16,.76019206000000000000
33000,9,66185,33186,16,.76175958000000000000
33100,9,66180,33080,15,.76512020000000000000
33200,9,66649,33450,15,.80122048000000000000
33300,9,66344,33044,15,.79164324000000000000
33400,9,66843,33443,15,.79716196000000000000
33500,9,66991,33492,15,.79942592000000000000
33600,9,67718,34119,15,.81606376000000000000
33700,9,67279,33580,15,.81208092000000000000
33800,9,67696,33897,16,.80717660000000000000
33900,9,67704,33805,16,.80821244000000000000
34000,9,67875,33876,17,.83178488000000000000
34100,9,68331,34232,15,.84282436000000000000
34200,9,68458,34259,16,.84538734000000000000
34300,9,68723,34424,16,.82700222000000000000
34400,9,68636,34237,16,.83034356000000000000
34500,9,69141,34642,15,.83038824000000000000
34600,9,69175,34575,14,.81544290000000000000
34700,9,69560,34861,16,.81740608000000000000
34800,9,70077,35277,15,.82811754000000000000
34900,9,69810,34911,16,.82537446000000000000
35000,9,70165,35165,15,.83454840000000000000
35100,9,70271,35172,16,.83890958000000000000
35200,9,70475,35276,17,.82619884000000000000
35300,9,70594,35295,17,.82485566000000000000
35400,9,71001,35602,16,.82748000000000000000
35500,9,70752,35252,15,.82910336000000000000
35600,9,70989,35389,15,.84538940000000000000
35700,9,71394,35695,15,.87588826000000000000
35800,9,71808,36009,15,.86691390000000000000
35900,9,71700,35801,15,.87520612000000000000
36000,9,71806,35807,16,.86746428000000000000
36100,9,72125,36026,16,.86577098000000000000
36200,9,72470,36271,17,.88035956000000000000
36300,9,72600,36301,15,.87300908000000000000
36400,9,72567,36168,16,.90082282000000000000
36500,9,72987,36487,15,.92281254000000000000
36600,9,73610,37010,14,.91918120000000000000
36700,9,73374,36675,16,.87914934000000000000
36800,9,73561,36762,16,.88929534000000000000
36900,9,74056,37157,16,.90038862000000000000
37000,9,73973,36974,16,.86718578000000000000
37100,9,74309,37210,16,.85258050000000000000
37200,9,74435,37236,15,.87512226000000000000
37300,9,74776,37477,17,.87459168000000000000
37400,9,74612,37212,15,.87214958000000000000
37500,9,75047,37548,14,.89163068000000000000
37600,9,75309,37709,15,.90628076000000000000
37700,9,75555,37856,16,.89999182000000000000
37800,9,75474,37675,16,.90443436000000000000
37900,9,75992,38093,16,.92043846000000000000
38000,9,76132,38133,16,.91381336000000000000
38100,9,76368,38269,16,.91370306000000000000
38200,9,76444,38245,16,.91667294000000000000
38300,9,76262,37963,15,.91060308000000000000
38400,9,76748,38349,16,.92639364000000000000
38500,9,76773,38273,14,.93597736000000000000
38600,9,77452,38853,17,.96336930000000000000
38700,9,77743,39043,15,.97263942000000000000
38800,9,77528,38729,15,.93598476000000000000
38900,9,77664,38765,15,.94314558000000000000
39000,9,78114,39115,16,.94298550000000000000
39100,9,78121,39022,15,.91486720000000000000
39200,9,78608,39408,14,.91652712000000000000
39300,9,78952,39652,17,.91992480000000000000
39400,9,78923,39523,14,.90694398000000000000
39500,9,78881,39382,16,.94171000000000000000
39600,9,79019,39419,16,.94644002000000000000
39700,9,79622,39923,16,.95448368000000000000
39800,9,79794,39995,16,.96836828000000000000
39900,9,79782,39883,15,.97540266000000000000
40000,9,79906,39907,16,.96352142000000000000
40100,9,80321,40221,15,.95993380000000000000
40200,9,80044,39845,16,.96054168000000000000
40300,9,80787,40488,15,.97121522000000000000
40400,9,80722,40323,16,.97143292000000000000
40500,9,80825,40326,16,.97793262000000000000
40600,9,81188,40588,15,.99600176000000000000
40700,9,80665,39966,15,.96422502000000000000
40800,9,81555,40755,15,.99867886000000000000
40900,9,81644,40745,16,1.02249406000000000000
41000,9,82183,41183,15,1.00081680000000000000
41100,9,82460,41360,15,1.01953092000000000000
41200,9,82284,41085,15,.98615536000000000000
41300,9,82435,41136,15,.95592104000000000000
41400,9,83061,41661,15,.95281102000000000000
41500,9,82702,41202,15,.95010084000000000000
41600,9,82921,41322,16,.94772276000000000000
41700,9,83228,41529,15,.99550654000000000000
41800,9,83939,42140,16,1.00481674000000000000
41900,9,84016,42117,16,1.00325482000000000000
42000,9,84222,42222,16,1.01304552000000000000
42100,9,84113,42014,17,1.02664082000000000000
42200,9,84303,42103,16,1.01223978000000000000
42300,9,84663,42363,16,1.01767246000000000000
42400,9,84743,42344,16,1.01924496000000000000
42500,9,84933,42434,16,1.03964878000000000000
42600,9,85448,42849,15,1.03558662000000000000
42700,9,85580,42881,16,1.04263960000000000000
42800,9,85576,42776,16,1.03278500000000000000
42900,9,85924,43025,17,1.07501328000000000000
43000,9,85846,42847,16,1.08625080000000000000
43100,9,85924,42825,15,1.08011740000000000000
43200,9,85953,42753,15,1.03849640000000000000
43300,9,86495,43196,16,1.03678080000000000000
43400,9,86979,43580,16,1.04317072000000000000
43500,9,87032,43532,15,1.01321664000000000000
43600,9,87068,43469,16,1.01899790000000000000
43700,9,87593,43893,15,1.02604370000000000000
43800,9,87729,43929,16,1.02945698000000000000
43900,9,87988,44088,15,1.03135958000000000000
44000,9,87859,43860,15,1.03628380000000000000
44100,9,88180,44081,16,1.05002120000000000000
44200,9,88519,44320,16,1.05292640000000000000
44300,9,88583,44284,17,1.05296960000000000000
44400,9,89057,44657,16,1.06725420000000000000
44500,9,89225,44726,16,1.04417120000000000000
44600,9,89304,44705,17,1.08370300000000000000
44700,9,89424,44725,16,1.08716060000000000000
44800,9,89820,45021,16,1.08893720000000000000
44900,9,89922,45022,15,1.09508720000000000000
45000,9,90169,45170,16,1.10349660000000000000
45100,9,90054,44955,17,1.14207820000000000000
45200,9,90257,45057,14,1.16586780000000000000
45300,9,90664,45365,16,1.09104940000000000000
45400,9,90895,45496,16,1.09906820000000000000
45500,9,91050,45551,17,1.07952460000000000000
45600,9,91597,45998,16,1.04842500000000000000
45700,9,91086,45387,17,1.03233528000000000000
45800,9,91527,45728,17,1.04675920000000000000
45900,9,91580,45681,16,1.03914084000000000000
46000,9,92012,46013,16,1.11672320000000000000
46100,9,92415,46316,15,1.12785100000000000000
46200,9,92403,46204,16,1.10800060000000000000
46300,9,92517,46218,15,1.11770240000000000000
46400,9,92891,46492,16,1.12578960000000000000
46500,9,93190,46691,16,1.12367380000000000000
46600,9,92827,46228,16,1.13443080000000000000
46700,9,93229,46529,16,1.15298480000000000000
46800,9,93661,46861,14,1.14908920000000000000
46900,9,93626,46726,15,1.15990240000000000000
47000,9,93558,46559,16,1.15496200000000000000
47100,9,94446,47347,18,1.21641280000000000000
47200,9,94384,47185,16,1.22799820000000000000
47300,9,94822,47522,16,1.18482400000000000000
47400,9,94668,47269,16,1.15351700000000000000
47500,9,94963,47464,17,1.14744040000000000000
47600,9,95445,47845,15,1.11272120000000000000
47700,9,95411,47712,17,1.10107040000000000000
47800,9,95742,47943,15,1.08668000000000000000
47900,9,95804,47905,16,1.10535020000000000000
48000,9,96190,48191,15,1.13133060000000000000
48100,9,96425,48326,17,1.17426340000000000000
48200,9,96535,48336,16,1.17387300000000000000
48300,9,96816,48517,17,1.16515980000000000000
48400,9,96721,48322,16,1.17470980000000000000
48500,9,97253,48754,16,1.17815120000000000000
48600,9,97269,48669,15,1.19971840000000000000
48700,9,97827,49128,17,1.21575720000000000000
48800,9,97430,48631,17,1.20423640000000000000
48900,9,97839,48939,16,1.22072900000000000000
49000,9,97775,48776,16,1.22089480000000000000
49100,9,98105,49006,16,1.19393820000000000000
49200,9,98907,49708,17,1.22318120000000000000
49300,9,98375,49076,16,1.21441100000000000000
49400,9,98819,49420,16,1.21759400000000000000
49500,9,98882,49383,16,1.20816960000000000000
49600,9,99372,49773,17,1.21236200000000000000
49700,9,99344,49644,16,1.19563620000000000000
49800,9,99412,49613,16,1.19896320000000000000
49900,9,100023,50124,15,1.21475340000000000000
50000,9,99834,49835,16,1.23248600000000000000
100,19,176,76,5,.00485372000000000000
200,19,408,209,9,.00858666000000000000
300,19,602,302,7,.01197492000000000000
400,19,840,441,10,.01512826000000000000
500,19,986,487,9,.01680400000000000000
600,19,1206,606,8,.02049220000000000000
700,19,1425,726,10,.02413554000000000000
800,19,1607,807,9,.02601404000000000000
900,19,1763,864,10,.02706006000000000000
1000,19,2015,1016,10,.03054104000000000000
1100,19,2247,1148,11,.03483980000000000000
1200,19,2454,1255,11,.03755302000000000000
1300,19,2555,1256,11,.03835578000000000000
1400,19,2789,1389,9,.04131378000000000000
1500,19,2989,1490,11,.04475638000000000000
1600,19,3183,1584,11,.04903546000000000000
1700,19,3415,1715,10,.05233358000000000000
1800,19,3619,1820,12,.05584202000000000000
1900,19,3769,1870,12,.05625140000000000000
2000,19,4060,2061,11,.05903310000000000000
2100,19,4275,2176,13,.06271844000000000000
2200,19,4368,2169,11,.06314668000000000000
2300,19,4664,2365,12,.06851270000000000000
2400,19,4881,2482,12,.07133418000000000000
2500,19,5068,2569,12,.07648170000000000000
2600,19,5254,2654,11,.07780558000000000000
2700,19,5372,2673,12,.07939254000000000000
2800,19,5587,2788,12,.08255624000000000000
2900,19,5857,2958,12,.08688648000000000000
3000,19,6064,3065,13,.08795320000000000000
3100,19,6252,3153,12,.09020290000000000000
3200,19,6352,3153,12,.09337072000000000000
3300,19,6557,3258,13,.09455444000000000000
3400,19,6820,3421,12,.09768860000000000000
3500,19,7028,3529,12,.10252032000000000000
3600,19,7170,3571,12,.10422458000000000000
3700,19,7385,3686,13,.10587966000000000000
3800,19,7669,3869,12,.11178424000000000000
3900,19,7781,3882,13,.11050644000000000000
4000,19,8059,4060,13,.11610966000000000000
4100,19,8211,4112,13,.11905300000000000000
4200,19,8476,4277,13,.12012254000000000000
4300,19,8619,4319,12,.12196684000000000000
4400,19,8964,4565,12,.12864246000000000000
4500,19,9149,4650,14,.13265380000000000000
4600,19,9326,4727,13,.13332264000000000000
4700,19,9413,4714,12,.13420294000000000000
4800,19,9533,4734,12,.13600820000000000000
4900,19,9758,4859,13,.13798020000000000000
5000,19,9967,4968,13,.14681878000000000000
5100,19,10252,5153,13,.14384336000000000000
5200,19,10522,5323,13,.14724856000000000000
5300,19,10648,5349,13,.15194754000000000000
5400,19,10837,5437,12,.15189834000000000000
5500,19,10989,5490,13,.15329256000000000000
5600,19,11207,5607,12,.15824508000000000000
5700,19,11419,5720,13,.16352918000000000000
5800,19,11623,5824,13,.16493276000000000000
5900,19,11780,5881,13,.16874794000000000000
6000,19,12028,6029,12,.16678926000000000000
6100,19,12098,5999,12,.17045998000000000000
6200,19,12362,6163,13,.17220022000000000000
6300,19,12603,6303,11,.17600326000000000000
6400,19,12878,6478,12,.18288666000000000000
6500,19,13015,6516,13,.18092520000000000000
6600,19,13232,6633,13,.18280560000000000000
6700,19,13488,6789,13,.19135322000000000000
6800,19,13537,6738,13,.19661186000000000000
6900,19,13923,7023,12,.19884902000000000000
7000,19,14210,7211,14,.19787992000000000000
7100,19,14241,7142,13,.19724416000000000000
7200,19,14375,7175,12,.20144094000000000000
7300,19,14686,7386,12,.20607094000000000000
7400,19,14754,7355,13,.20490882000000000000
7500,19,15087,7588,13,.21090424000000000000
7600,19,15277,7678,14,.21774688000000000000
7700,19,15501,7802,14,.21675676000000000000
7800,19,15673,7874,13,.21790476000000000000
7900,19,15926,8027,14,.22249710000000000000
8000,19,15900,7901,13,.23041388000000000000
8100,19,16257,8157,12,.22805866000000000000
8200,19,16384,8185,13,.23341240000000000000
8300,19,16643,8344,14,.22972320000000000000
8400,19,16839,8440,13,.23201076000000000000
8500,19,17083,8583,13,.23902462000000000000
8600,19,17165,8566,14,.24001740000000000000
8700,19,17340,8641,14,.24385064000000000000
8800,19,17644,8845,13,.25038504000000000000
8900,19,17708,8809,14,.24406196000000000000
9000,19,17742,8743,13,.25446882000000000000
9100,19,18249,9150,14,.25253134000000000000
9200,19,18552,9353,14,.25496610000000000000
9300,19,18468,9169,14,.25925424000000000000
9400,19,18816,9416,12,.26009856000000000000
9500,19,18863,9364,14,.26307324000000000000
9600,19,19266,9667,15,.26507444000000000000
9700,19,19501,9801,13,.27015150000000000000
9800,19,19583,9784,15,.27403590000000000000
9900,19,19888,9989,14,.27815104000000000000
10000,19,19982,9982,13,.27671986000000000000
10100,19,20321,10222,14,.28406792000000000000
10200,19,20339,10140,15,.27989044000000000000
10300,19,20641,10341,13,.28736356000000000000
10400,19,20922,10523,13,.29064352000000000000
10500,19,20817,10318,13,.29165024000000000000
10600,19,21254,10655,14,.29616340000000000000
10700,19,21451,10751,14,.29991136000000000000
10800,19,21626,10826,13,.30023780000000000000
10900,19,21742,10843,13,.29898052000000000000
11000,19,22021,11022,14,.30206844000000000000
11100,19,22149,11050,15,.30989182000000000000
11200,19,22368,11169,13,.30859804000000000000
11300,19,22659,11360,14,.31531588000000000000
11400,19,22865,11466,15,.31164070000000000000
11500,19,23167,11668,14,.31917326000000000000
11600,19,23077,11478,14,.31794588000000000000
11700,19,23515,11816,14,.32142144000000000000
11800,19,23663,11864,14,.32642686000000000000
11900,19,23875,11976,14,.32979734000000000000
12000,19,24022,12023,14,.32838460000000000000
12100,19,24226,12127,14,.33625280000000000000
12200,19,24218,12018,13,.32889518000000000000
12300,19,24594,12294,13,.33599840000000000000
12400,19,24779,12379,13,.34296892000000000000
12500,19,24920,12420,13,.34105400000000000000
12600,19,25199,12600,14,.34522670000000000000
12700,19,25299,12599,13,.34700560000000000000
12800,19,25601,12802,15,.34881636000000000000
12900,19,25936,13037,15,.35562676000000000000
13000,19,26043,13044,14,.35731356000000000000
13100,19,26032,12933,14,.35534164000000000000
13200,19,26466,13267,15,.35924076000000000000
13300,19,26744,13445,14,.36606844000000000000
13400,19,26978,13578,13,.36532746000000000000
13500,19,27197,13697,12,.37437478000000000000
13600,19,27300,13701,15,.37466918000000000000
13700,19,27156,13457,14,.37071554000000000000
13800,19,27640,13841,14,.37648832000000000000
13900,19,27782,13882,14,.38327528000000000000
14000,19,28193,14193,14,.38327242000000000000
14100,19,28236,14137,14,.38859112000000000000
14200,19,28498,14299,15,.38853504000000000000
14300,19,28595,14296,14,.39179354000000000000
14400,19,28760,14361,14,.39091670000000000000
14500,19,29164,14664,14,.40139450000000000000
14600,19,29176,14576,13,.39947366000000000000
14700,19,29495,14796,15,.40417190000000000000
14800,19,29527,14727,14,.40332960000000000000
14900,19,30041,15142,15,.40926924000000000000
15000,19,30034,15035,14,.40979228000000000000
15100,19,30177,15078,14,.40698262000000000000
15200,19,30473,15273,15,.41813940000000000000
15300,19,30753,15454,15,.42218718000000000000
15400,19,30820,15421,15,.41491410000000000000
15500,19,30954,15455,15,.42535490000000000000
15600,19,31227,15628,15,.42243676000000000000
15700,19,31636,15937,14,.43083560000000000000
15800,19,31707,15908,14,.42724468000000000000
15900,19,31775,15876,15,.42894872000000000000
16000,19,32023,16024,15,.43810508000000000000
16100,19,32064,15965,14,.43707822000000000000
16200,19,32549,16350,15,.44315632000000000000
16300,19,32369,16070,14,.44279826000000000000
16400,19,32832,16433,14,.44913428000000000000
16500,19,33159,16660,14,.44852264000000000000
16600,19,33421,16822,15,.45826626000000000000
16700,19,33455,16756,14,.45274764000000000000
16800,19,33604,16805,15,.46411610000000000000
16900,19,33970,17071,15,.46627520000000000000
17000,19,34025,17025,14,.46216048000000000000
17100,19,34294,17195,14,.46729912000000000000
17200,19,34378,17179,15,.46597154000000000000
17300,19,34737,17437,14,.47384912000000000000
17400,19,34649,17249,14,.47229786000000000000
17500,19,34855,17356,15,.46858034000000000000
17600,19,35322,17722,14,.47825204000000000000
17700,19,35355,17655,14,.47882540000000000000
17800,19,35387,17587,14,.48163940000000000000
17900,19,35797,17898,15,.48420276000000000000
18000,19,35932,17933,15,.48608514000000000000
18100,19,36035,17935,14,.49385940000000000000
18200,19,36585,18386,15,.49691952000000000000
18300,19,36677,18378,14,.50193474000000000000
18400,19,36966,18566,13,.50472358000000000000
18500,19,37196,18697,15,.50795136000000000000
18600,19,36884,18285,14,.50599764000000000000
18700,19,37480,18780,14,.51181658000000000000
18800,19,37955,19156,16,.51642658000000000000
18900,19,37720,18821,15,.51088396000000000000
19000,19,38094,19095,15,.52322684000000000000
19100,19,38410,19311,15,.52015014000000000000
19200,19,38426,19226,13,.51838802000000000000
19300,19,38975,19676,15,.52477630000000000000
19400,19,38750,19351,15,.52350776000000000000
19500,19,38938,19439,14,.52637252000000000000
19600,19,39144,19545,15,.52681408000000000000
19700,19,39250,19551,15,.53178150000000000000
19800,19,39771,19971,14,.54123472000000000000
19900,19,39966,20067,13,.54486018000000000000
20000,19,39923,19923,14,.54076404000000000000
20100,19,40353,20253,14,.54409814000000000000
20200,19,40326,20126,14,.55476548000000000000
20300,19,40609,20309,15,.55444352000000000000
20400,19,40821,20422,15,.55880118000000000000
20500,19,40948,20448,14,.55775726000000000000
20600,19,40927,20328,15,.55586324000000000000
20700,19,41332,20632,14,.56016100000000000000
20800,19,41676,20877,15,.57387148000000000000
20900,19,41890,20990,14,.57410512000000000000
21000,19,42054,21054,14,.57316702000000000000
21100,19,42081,20982,15,.57642828000000000000
21200,19,42628,21429,16,.58464196000000000000
21300,19,42669,21370,15,.57632228000000000000
21400,19,42759,21360,15,.58880078000000000000
21500,19,43311,21812,15,.59741710000000000000
21600,19,43236,21636,14,.59132588000000000000
21700,19,43730,22031,15,.60488868000000000000
21800,19,43645,21846,14,.59836862000000000000
21900,19,43708,21809,14,.59525190000000000000
22000,19,44120,22121,15,.59074484000000000000
22100,19,44102,22003,15,.59843910000000000000
22200,19,44552,22353,16,.60889128000000000000
22300,19,44713,22413,15,.61422216000000000000
22400,19,44879,22480,15,.61038736000000000000
22500,19,45244,22745,14,.60930630000000000000
22600,19,45004,22405,14,.61630858000000000000
22700,19,45394,22695,15,.61720184000000000000
22800,19,45736,22937,14,.62461904000000000000
22900,19,46132,23232,14,.63437864000000000000
23000,19,45888,22889,17,.62945862000000000000
23100,19,46269,23170,16,.63485866000000000000
23200,19,46173,22974,15,.63281560000000000000
23300,19,46441,23141,14,.62951082000000000000
23400,19,46887,23488,15,.63830698000000000000
23500,19,46997,23498,15,.64259214000000000000
23600,19,47068,23469,15,.64574740000000000000
23700,19,47611,23912,15,.64526632000000000000
23800,19,47998,24199,15,.65064164000000000000
23900,19,47547,23648,16,.63930556000000000000
24000,19,47944,23945,15,.65788196000000000000
24100,19,48425,24326,16,.66313574000000000000
24200,19,48170,23971,15,.66475134000000000000
24300,19,48742,24443,15,.66378922000000000000
24400,19,48701,24302,15,.66805298000000000000
24500,19,48811,24311,14,.67221386000000000000
24600,19,49222,24623,16,.68037426000000000000
24700,19,49002,24303,15,.66792096000000000000
24800,19,49574,24775,15,.67578724000000000000
24900,19,50136,25236,16,.67777988000000000000
25000,19,50012,25012,14,.67563018000000000000
25100,19,50042,24943,14,.68339822000000000000
25200,19,50406,25207,16,.68642014000000000000
25300,19,50905,25606,15,.69360988000000000000
25400,19,50780,25381,15,.68670270000000000000
25500,19,51094,25594,14,.69642910000000000000
25600,19,51446,25847,15,.69725812000000000000
25700,19,51693,25994,15,.70341634000000000000
25800,19,51578,25779,15,.69896160000000000000
25900,19,51864,25965,16,.70639738000000000000
26000,19,51943,25943,14,.71102722000000000000
26100,19,52424,26324,14,.71153516000000000000
26200,19,52361,26162,16,.71133016000000000000
26300,19,52373,26074,15,.71519476000000000000
26400,19,52771,26372,15,.71625626000000000000
26500,19,53048,26548,15,.72035768000000000000
26600,19,53113,26513,14,.72139924000000000000
26700,19,53500,26801,16,.72155992000000000000
26800,19,53745,26946,15,.73564370000000000000
26900,19,53791,26892,16,.72722514000000000000
27000,19,53935,26936,15,.72775188000000000000
27100,19,54528,27429,16,.74394806000000000000
27200,19,54494,27295,15,.74127238000000000000
27300,19,55104,27804,15,.75106118000000000000
27400,19,55002,27603,15,.75045748000000000000
27500,19,55371,27872,16,.74680408000000000000
27600,19,55217,27618,15,.74429786000000000000
27700,19,54903,27203,13,.76211632000000000000
27800,19,55864,28065,16,.75212484000000000000
27900,19,56047,28148,16,.77304080000000000000
28000,19,56028,28029,15,.76308618000000000000
28100,19,56252,28152,14,.76030962000000000000
28200,19,56610,28411,15,.76093756000000000000
28300,19,56689,28390,15,.75828996000000000000
28400,19,56754,28355,15,.75625652000000000000
28500,19,57273,28774,16,.76045602000000000000
28600,19,57245,28646,16,.76108394000000000000
28700,19,57323,28624,15,.78187176000000000000
28800,19,58101,29302,16,.78564068000000000000
28900,19,57700,28800,15,.78226208000000000000
29000,19,57835,28836,15,.78991274000000000000
29100,19,58156,29057,15,.78774522000000000000
29200,19,58557,29358,16,.80248478000000000000
29300,19,58464,29165,16,.79516892000000000000
29400,19,58784,29385,15,.79975888000000000000
29500,19,59086,29587,15,.79349114000000000000
29600,19,59349,29750,15,.80514346000000000000
29700,19,59485,29786,15,.81554452000000000000
29800,19,59595,29796,15,.80745264000000000000
29900,19,59886,29986,14,.82068852000000000000
30000,19,59778,29778,15,.81259036000000000000
30100,19,60475,30376,16,.82629378000000000000
30200,19,60789,30590,15,.83106520000000000000
30300,19,60724,30425,16,.83410600000000000000
30400,19,60712,30313,15,.82333356000000000000
30500,19,60921,30421,15,.83403018000000000000
30600,19,61287,30687,15,.83037068000000000000
30700,19,61600,30901,16,.84490590000000000000
30800,19,61757,30958,16,.84894146000000000000
30900,19,61604,30704,14,.83293992000000000000
31000,19,61984,30984,14,.85480958000000000000
31100,19,62312,31213,16,.85173794000000000000
31200,19,62539,31340,15,.85713834000000000000
31300,19,62714,31415,16,.84731288000000000000
31400,19,62783,31384,15,.86017572000000000000
31500,19,62963,31464,16,.86362036000000000000
31600,19,63213,31614,16,.85290600000000000000
31700,19,63357,31658,16,.85537086000000000000
31800,19,63756,31957,16,.87315046000000000000
31900,19,64051,32152,16,.87515932000000000000
32000,19,63977,31978,16,.86889284000000000000
32100,19,64011,31912,15,.87132500000000000000
32200,19,64472,32273,16,.87518348000000000000
32300,19,64737,32438,16,.88123944000000000000
32400,19,64586,32186,15,.88319170000000000000
32500,19,65243,32744,15,.88907004000000000000
32600,19,65432,32833,16,.89340356000000000000
32700,19,65953,33253,14,.90182750000000000000
32800,19,65587,32787,15,.88909862000000000000
32900,19,65806,32907,16,.88668704000000000000
33000,19,66111,33112,16,.88958980000000000000
33100,19,66395,33295,15,.91001470000000000000
33200,19,66250,33051,15,.89294752000000000000
33300,19,66768,33468,15,.90753658000000000000
33400,19,66701,33301,14,.91056948000000000000
33500,19,67167,33668,15,.91416972000000000000
33600,19,67296,33697,15,.89681008000000000000
33700,19,67340,33641,15,.92104222000000000000
33800,19,67521,33722,16,.90027962000000000000
33900,19,67919,34020,16,.91628762000000000000
34000,19,68091,34092,15,.92299234000000000000
34100,19,68562,34463,16,.90936778000000000000
34200,19,68458,34259,16,.92080024000000000000
34300,19,68655,34356,16,.92180820000000000000
34400,19,68822,34423,16,.93416862000000000000
34500,19,69355,34856,15,.92621542000000000000
34600,19,69081,34481,15,.94150856000000000000
34700,19,69284,34585,16,.92846026000000000000
34800,19,69541,34741,15,.93578460000000000000
34900,19,69506,34607,15,.94810146000000000000
35000,19,69876,34876,15,.96822522000000000000
35100,19,70194,35095,16,.94969452000000000000
35200,19,70296,35097,16,.94945002000000000000
35300,19,70622,35323,16,.95411010000000000000
35400,19,71006,35607,16,.97043914000000000000
35500,19,71419,35919,15,.95874268000000000000
35600,19,71234,35634,15,.96612778000000000000
35700,19,71783,36084,16,.97178064000000000000
35800,19,71538,35739,16,.96487406000000000000
35900,19,71431,35532,16,.98161294000000000000
36000,19,72065,36066,16,.96822352000000000000
36100,19,72065,35966,15,.97149886000000000000
36200,19,72495,36296,16,.97024954000000000000
36300,19,72251,35952,16,.97935612000000000000
36400,19,72512,36113,16,.98183940000000000000
36500,19,73187,36687,15,.98190446000000000000
36600,19,73368,36768,14,.99036726000000000000
36700,19,73426,36727,16,.98620040000000000000
36800,19,73537,36738,17,.98552368000000000000
36900,19,73669,36770,16,1.00676556000000000000
37000,19,73752,36753,15,.99939248000000000000
37100,19,74034,36935,16,.99495268000000000000
37200,19,74168,36969,16,.99524312000000000000
37300,19,74574,37275,16,1.00308774000000000000
37400,19,74684,37284,15,1.01768182000000000000
37500,19,75420,37921,15,1.02223910000000000000
37600,19,74899,37299,14,1.00144048000000000000
37700,19,75931,38232,16,1.02042056000000000000
37800,19,75698,37899,17,1.01491458000000000000
37900,19,75748,37849,16,1.02073588000000000000
38000,19,75836,37837,16,1.02851328000000000000
38100,19,76278,38179,16,1.02690562000000000000
38200,19,76600,38401,16,1.02572302000000000000
38300,19,76733,38434,16,1.03726626000000000000
38400,19,76683,38284,16,1.03041946000000000000
38500,19,77053,38553,14,1.03771420000000000000
38600,19,77544,38945,16,1.04070200000000000000
38700,19,77370,38670,15,1.04236780000000000000
38800,19,77848,39049,16,1.05333700000000000000
38900,19,77958,39059,15,1.05196600000000000000
39000,19,78121,39122,16,1.04935360000000000000
39100,19,78592,39493,16,1.05384360000000000000
39200,19,78383,39183,14,1.05332780000000000000
39300,19,78774,39474,15,1.06559520000000000000
39400,19,79077,39677,14,1.05597600000000000000
39500,19,78530,39031,16,1.04483400000000000000
39600,19,79103,39503,16,1.06150300000000000000
39700,19,79687,39988,16,1.08134640000000000000
39800,19,79934,40135,16,1.07145940000000000000
39900,19,79721,39822,16,1.07992760000000000000
40000,19,80029,40030,15,1.07488720000000000000
40100,19,80873,40773,15,1.09236380000000000000
40200,19,80561,40362,16,1.08041440000000000000
40300,19,80637,40338,15,1.08240300000000000000
40400,19,80665,40266,16,1.08497280000000000000
40500,19,81125,40626,16,1.09947360000000000000
40600,19,81046,40446,15,1.10239540000000000000
40700,19,81534,40835,15,1.09836940000000000000
40800,19,81964,41164,15,1.09394940000000000000
40900,19,81867,40968,16,1.09175500000000000000
41000,19,82149,41149,17,1.09688600000000000000
41100,19,82289,41189,15,1.09790440000000000000
41200,19,82407,41208,16,1.09776040000000000000
41300,19,82522,41223,15,1.09997200000000000000
41400,19,83096,41696,15,1.10595220000000000000
41500,19,83354,41854,15,1.10300960000000000000
41600,19,83193,41594,16,1.10218980000000000000
41700,19,83426,41727,15,1.11403040000000000000
41800,19,83876,42077,16,1.12733020000000000000
41900,19,83764,41865,16,1.12413220000000000000
42000,19,83676,41676,15,1.12441760000000000000
42100,19,84012,41913,16,1.13183660000000000000
42200,19,84174,41974,15,1.13171000000000000000
42300,19,84413,42113,15,1.13994620000000000000
42400,19,85004,42605,16,1.16550720000000000000
42500,19,85170,42671,16,1.15837360000000000000
42600,19,85582,42983,15,1.16192340000000000000
42700,19,85597,42898,16,1.16114200000000000000
42800,19,85866,43066,15,1.11595320000000000000
42900,19,86182,43283,16,1.11784420000000000000
43000,19,85816,42817,15,1.11063640000000000000
43100,19,86187,43088,15,1.12987000000000000000
43200,19,86163,42963,15,1.15825380000000000000
43300,19,86690,43391,16,1.16812660000000000000
43400,19,86832,43433,16,1.17920680000000000000
43500,19,87019,43519,14,1.16608460000000000000
43600,19,87318,43719,16,1.17713560000000000000
43700,19,87611,43911,15,1.17403220000000000000
43800,19,87874,44074,16,1.17734660000000000000
43900,19,88015,44115,15,1.18724080000000000000
44000,19,87919,43920,15,1.17539660000000000000
44100,19,88228,44129,16,1.18664760000000000000
44200,19,88446,44247,16,1.19417920000000000000
44300,19,88758,44459,16,1.18744860000000000000
44400,19,88718,44318,16,1.20631520000000000000
44500,19,89378,44879,16,1.22016360000000000000
44600,19,89416,44817,16,1.21788740000000000000
44700,19,89548,44849,16,1.22237540000000000000
44800,19,89602,44803,16,1.21993720000000000000
44900,19,89833,44933,15,1.22152600000000000000
45000,19,90214,45215,15,1.14113400000000000000
45100,19,90005,44906,16,1.13719380000000000000
45200,19,90542,45342,16,1.21343340000000000000
45300,19,90594,45295,16,1.21138880000000000000
45400,19,90912,45513,16,1.22091640000000000000
45500,19,91096,45597,16,1.22379160000000000000
45600,19,91591,45992,15,1.23549900000000000000
45700,19,91178,45479,16,1.23078880000000000000
45800,19,91684,45885,16,1.21761740000000000000
45900,19,91766,45867,17,1.22074140000000000000
46000,19,92023,46024,16,1.23253800000000000000
46100,19,92182,46083,15,1.24045700000000000000
46200,19,92443,46244,16,1.24505820000000000000
46300,19,92685,46386,16,1.24872360000000000000
46400,19,92967,46568,16,1.24612760000000000000
46500,19,92416,45917,16,1.27337200000000000000
46600,19,93492,46893,17,1.28312400000000000000
46700,19,93489,46789,15,1.29193380000000000000
46800,19,93747,46947,15,1.29341680000000000000
46900,19,94103,47203,15,1.27356520000000000000
47000,19,93884,46885,16,1.24783500000000000000
47100,19,94483,47384,16,1.25709480000000000000
47200,19,94333,47134,16,1.26322940000000000000
47300,19,94989,47689,16,1.26282420000000000000
47400,19,94959,47560,15,1.27915740000000000000
47500,19,95044,47545,17,1.26027080000000000000
47600,19,95240,47640,15,1.25323660000000000000
47700,19,95235,47536,16,1.24705020000000000000
47800,19,95474,47675,15,1.28315240000000000000
47900,19,95625,47726,16,1.27321180000000000000
48000,19,95759,47760,15,1.28966940000000000000
48100,19,96379,48280,17,1.29251240000000000000
48200,19,96600,48401,16,1.29959300000000000000
48300,19,96286,47987,17,1.31577400000000000000
48400,19,96486,48087,16,1.31568340000000000000
48500,19,97103,48604,16,1.34911820000000000000
48600,19,97328,48728,16,1.33874820000000000000
48700,19,97949,49250,17,1.34536160000000000000
48800,19,97357,48558,16,1.33110660000000000000
48900,19,97888,48988,15,1.30866440000000000000
49000,19,97923,48924,16,1.31671660000000000000
49100,19,98201,49102,17,1.31487260000000000000
49200,19,98226,49027,16,1.31926900000000000000
49300,19,98534,49235,16,1.31821660000000000000
49400,19,99156,49757,16,1.32801680000000000000
49500,19,98832,49333,16,1.31161300000000000000
49600,19,99348,49749,16,1.28752900000000000000
49700,19,99222,49522,15,1.28110940000000000000
49800,19,99604,49805,17,1.29775560000000000000
49900,19,99945,50046,16,1.29040520000000000000
50000,19,100085,50086,16,1.31891820000000000000
100,21,178,78,5,.00480216000000000000
200,21,400,201,8,.01044908000000000000
300,21,605,305,8,.01143306000000000000
400,21,828,429,9,.01581424000000000000
500,21,1021,522,10,.01699422000000000000
600,21,1188,588,8,.02014520000000000000
700,21,1386,687,10,.02262078000000000000
800,21,1628,828,9,.02665002000000000000
900,21,1791,892,10,.02923220000000000000
1000,21,1967,968,10,.03010636000000000000
1100,21,2210,1111,11,.03389538000000000000
1200,21,2360,1161,11,.03641228000000000000
1300,21,2552,1253,11,.03986956000000000000
1400,21,2768,1368,9,.04149698000000000000
1500,21,3061,1562,11,.04609026000000000000
1600,21,3190,1591,11,.05143024000000000000
1700,21,3410,1710,10,.05832980000000000000
1800,21,3647,1848,12,.06370368000000000000
1900,21,3882,1983,12,.06118052000000000000
2000,21,4029,2030,11,.06203994000000000000
2100,21,4298,2199,12,.06560700000000000000
2200,21,4418,2219,12,.07341450000000000000
2300,21,4550,2251,12,.07031164000000000000
2400,21,4859,2460,12,.07528496000000000000
2500,21,5026,2527,11,.07387736000000000000
2600,21,5241,2641,11,.08170372000000000000
2700,21,5369,2670,13,.07894490000000000000
2800,21,5733,2934,13,.08607726000000000000
2900,21,5902,3003,13,.08646694000000000000
3000,21,5972,2973,13,.08665934000000000000
3100,21,6150,3051,12,.09201868000000000000
3200,21,6434,3235,12,.09680848000000000000
3300,21,6507,3208,12,.09466764000000000000
3400,21,6800,3401,13,.09940612000000000000
3500,21,6977,3478,12,.10061034000000000000
3600,21,7121,3522,12,.09899132000000000000
3700,21,7378,3679,13,.10240778000000000000
3800,21,7501,3701,11,.10635098000000000000
3900,21,7841,3942,13,.10641770000000000000
4000,21,7966,3967,13,.11121328000000000000
4100,21,8166,4067,12,.11056442000000000000
4200,21,8392,4193,13,.11618922000000000000
4300,21,8571,4271,12,.11823772000000000000
4400,21,8828,4429,12,.12843016000000000000
4500,21,9061,4562,13,.13098722000000000000
4600,21,9117,4518,13,.13179982000000000000
4700,21,9474,4775,12,.13771984000000000000
4800,21,9564,4765,13,.13798000000000000000
4900,21,9859,4960,13,.14294476000000000000
5000,21,9943,4944,13,.14271264000000000000
5100,21,10294,5195,13,.14757844000000000000
5200,21,10489,5290,13,.15145534000000000000
5300,21,10549,5250,13,.15147228000000000000
5400,21,10791,5391,12,.15701908000000000000
5500,21,11012,5513,13,.16611670000000000000
5600,21,11146,5546,12,.16530400000000000000
5700,21,11416,5717,13,.16918722000000000000
5800,21,11719,5920,13,.17538210000000000000
5900,21,11849,5950,13,.17353288000000000000
6000,21,12030,6031,13,.17714034000000000000
6100,21,12097,5998,12,.18410140000000000000
6200,21,12435,6236,13,.18434200000000000000
6300,21,12563,6263,11,.17367842000000000000
6400,21,12794,6394,12,.17184154000000000000
6500,21,13068,6569,13,.17638976000000000000
6600,21,13182,6583,13,.17856726000000000000
6700,21,13529,6830,13,.18391994000000000000
6800,21,13574,6775,13,.18205980000000000000
6900,21,13872,6972,13,.18619410000000000000
7000,21,14142,7143,14,.19169192000000000000
7100,21,14169,7070,13,.18946646000000000000
7200,21,14152,6952,12,.18878966000000000000
7300,21,14580,7280,12,.20123086000000000000
7400,21,14702,7303,13,.20660490000000000000
7500,21,15137,7638,13,.21427578000000000000
7600,21,15234,7635,14,.21339136000000000000
7700,21,15361,7662,13,.21353048000000000000
7800,21,15618,7819,13,.21729450000000000000
7900,21,15815,7916,14,.22466314000000000000
8000,21,16020,8021,13,.21984028000000000000
8100,21,16259,8159,12,.22646536000000000000
8200,21,16555,8356,13,.23615116000000000000
8300,21,16598,8299,14,.23305706000000000000
8400,21,16865,8466,14,.23697956000000000000
8500,21,17088,8588,13,.24073440000000000000
8600,21,17327,8728,14,.25030000000000000000
8700,21,17421,8722,14,.24451504000000000000
8800,21,17364,8565,13,.24612344000000000000
8900,21,17851,8952,14,.25646058000000000000
9000,21,17965,8966,13,.26914262000000000000
9100,21,18208,9109,14,.27091974000000000000
9200,21,18457,9258,14,.27802434000000000000
9300,21,18485,9186,13,.27447816000000000000
9400,21,18967,9567,12,.27280912000000000000
9500,21,18950,9451,14,.26343296000000000000
9600,21,19153,9554,14,.26663668000000000000
9700,21,19447,9747,13,.27195748000000000000
9800,21,19791,9992,14,.28054478000000000000
9900,21,19727,9828,14,.27072474000000000000
10000,21,20039,10039,13,.27409366000000000000
10100,21,20277,10178,14,.27776166000000000000
10200,21,20332,10133,15,.27726588000000000000
10300,21,20588,10288,14,.28270950000000000000
10400,21,20736,10337,13,.28115870000000000000
10500,21,21086,10587,14,.28699540000000000000
10600,21,21187,10588,14,.28986634000000000000
10700,21,21493,10793,14,.29142840000000000000
10800,21,21646,10846,13,.28678358000000000000
10900,21,21642,10743,14,.28722650000000000000
11000,21,21938,10939,15,.29427978000000000000
11100,21,22189,11090,14,.29598878000000000000
11200,21,22506,11307,13,.29588204000000000000
11300,21,22709,11410,14,.30294094000000000000
11400,21,22860,11461,14,.31491040000000000000
11500,21,22847,11348,14,.31788092000000000000
11600,21,23028,11429,14,.31944732000000000000
11700,21,23451,11752,14,.32798142000000000000
11800,21,23849,12050,14,.33039114000000000000
11900,21,23717,11818,14,.33051630000000000000
12000,21,23980,11981,14,.33545662000000000000
12100,21,24447,12348,14,.33943200000000000000
12200,21,24272,12072,13,.33960442000000000000
12300,21,24605,12305,13,.34280470000000000000
12400,21,24967,12567,14,.35064628000000000000
12500,21,24977,12477,13,.36787100000000000000
12600,21,25306,12707,15,.37725748000000000000
12700,21,25463,12763,13,.37693916000000000000
12800,21,25620,12821,15,.36997916000000000000
12900,21,25887,12988,15,.35914718000000000000
13000,21,26095,13096,14,.36128740000000000000
13100,21,26289,13190,14,.36753500000000000000
13200,21,26530,13331,15,.36936412000000000000
13300,21,26490,13191,14,.35277148000000000000
13400,21,26715,13315,14,.35744642000000000000
13500,21,26861,13361,12,.36409808000000000000
13600,21,27341,13742,15,.36598346000000000000
13700,21,27533,13834,14,.37365570000000000000
13800,21,27538,13739,14,.36775486000000000000
13900,21,27877,13977,14,.37738892000000000000
14000,21,27959,13959,14,.37580466000000000000
14100,21,28410,14311,15,.38167316000000000000
14200,21,28507,14308,15,.38560720000000000000
14300,21,28698,14399,14,.38719808000000000000
14400,21,28751,14352,14,.38636580000000000000
14500,21,29043,14543,14,.38674750000000000000
14600,21,29284,14684,13,.39169196000000000000
14700,21,29601,14902,14,.39854956000000000000
14800,21,29626,14826,14,.39892602000000000000
14900,21,29861,14962,15,.40849826000000000000
15000,21,30072,15073,14,.41826720000000000000
15100,21,30387,15288,15,.42254484000000000000
15200,21,30529,15329,14,.42380164000000000000
15300,21,30774,15475,15,.42676086000000000000
15400,21,30812,15413,14,.42732828000000000000
15500,21,30703,15204,15,.42517568000000000000
15600,21,31147,15548,15,.42795174000000000000
15700,21,31527,15828,14,.44324370000000000000
15800,21,31569,15770,15,.44783210000000000000
15900,21,31930,16031,15,.45591062000000000000
16000,21,32068,16069,14,.45715908000000000000
16100,21,32208,16109,14,.46545054000000000000
16200,21,32426,16227,15,.46350106000000000000
16300,21,32873,16574,14,.46963652000000000000
16400,21,32690,16291,14,.46399574000000000000
16500,21,33111,16612,15,.46568568000000000000
16600,21,33416,16817,15,.46210440000000000000
16700,21,33293,16594,13,.46002524000000000000
16800,21,33815,17016,15,.46832872000000000000
16900,21,34041,17142,15,.47264196000000000000
17000,21,34108,17108,14,.48783764000000000000
17100,21,34427,17328,14,.47566692000000000000
17200,21,34562,17363,15,.47880670000000000000
17300,21,34631,17331,14,.47445612000000000000
17400,21,34650,17250,14,.45902186000000000000
17500,21,35106,17607,15,.45710750000000000000
17600,21,35261,17661,14,.46039700000000000000
17700,21,35271,17571,14,.46489802000000000000
17800,21,35660,17860,14,.46959500000000000000
17900,21,35953,18054,15,.48506448000000000000
18000,21,36132,18133,15,.50303258000000000000
18100,21,36410,18310,14,.50883490000000000000
18200,21,36533,18334,15,.50960580000000000000
18300,21,36570,18271,14,.50630718000000000000
18400,21,36798,18398,13,.51644768000000000000
18500,21,37156,18657,15,.51387660000000000000
18600,21,37019,18420,15,.51081670000000000000
18700,21,37268,18568,14,.51280534000000000000
18800,21,37785,18986,15,.52227534000000000000
18900,21,37960,19061,15,.52888882000000000000
19000,21,38451,19452,15,.55768012000000000000
19100,21,38464,19365,15,.55390828000000000000
19200,21,38506,19306,14,.55179088000000000000
19300,21,38631,19332,15,.53740996000000000000
19400,21,38793,19394,15,.53451766000000000000
19500,21,38964,19465,14,.54367456000000000000
19600,21,38989,19390,15,.52734168000000000000
19700,21,39585,19886,15,.53466566000000000000
19800,21,39686,19886,14,.53159646000000000000
19900,21,39924,20025,14,.53404762000000000000
20000,21,39760,19760,14,.53328798000000000000
20100,21,40172,20072,14,.54734088000000000000
20200,21,40198,19998,14,.53729012000000000000
20300,21,40470,20170,15,.54536034000000000000
20400,21,40778,20379,15,.54947400000000000000
20500,21,40872,20372,14,.54883910000000000000
20600,21,41402,20803,15,.55614898000000000000
20700,21,41379,20679,15,.55355540000000000000
20800,21,41910,21111,16,.56311728000000000000
20900,21,42205,21305,15,.56488646000000000000
21000,21,41966,20966,14,.57248468000000000000
21100,21,42424,21325,15,.58040376000000000000
21200,21,42489,21290,17,.59319698000000000000
21300,21,42622,21323,15,.59850498000000000000
21400,21,42926,21527,15,.59238960000000000000
21500,21,43215,21716,16,.59750540000000000000
21600,21,43348,21748,14,.60454856000000000000
21700,21,43520,21821,15,.60395478000000000000
21800,21,43466,21667,15,.59923388000000000000
21900,21,43821,21922,14,.60542608000000000000
22000,21,44117,22118,15,.59997614000000000000
22100,21,44146,22047,15,.60637864000000000000
22200,21,44063,21864,15,.60489996000000000000
22300,21,44466,22166,14,.62047826000000000000
22400,21,44744,22345,15,.62848922000000000000
22500,21,45325,22826,15,.62312726000000000000
22600,21,45135,22536,15,.62493500000000000000
22700,21,45614,22915,15,.61505112000000000000
22800,21,45671,22872,14,.62116600000000000000
22900,21,46393,23493,14,.62779806000000000000
23000,21,45842,22843,16,.62253178000000000000
23100,21,46090,22991,16,.62246776000000000000
23200,21,46572,23373,15,.63381294000000000000
23300,21,46524,23224,14,.62747422000000000000
23400,21,46821,23422,15,.63138600000000000000
23500,21,47317,23818,15,.64043562000000000000
23600,21,47198,23599,15,.63761226000000000000
23700,21,47635,23936,15,.64079334000000000000
23800,21,47976,24177,15,.65647614000000000000
23900,21,47673,23774,16,.65469198000000000000
24000,21,48036,24037,15,.65554308000000000000
24100,21,48411,24312,16,.66775166000000000000
24200,21,48657,24458,16,.66514212000000000000
24300,21,48577,24278,15,.67155820000000000000
24400,21,48900,24501,14,.69235898000000000000
24500,21,48731,24231,14,.66915848000000000000
24600,21,49084,24485,15,.67940418000000000000
24700,21,49360,24661,15,.68487410000000000000
24800,21,49613,24814,15,.69677508000000000000
24900,21,49737,24837,14,.68759324000000000000
25000,21,49862,24862,14,.69800036000000000000
25100,21,50208,25109,15,.69871492000000000000
25200,21,50496,25297,17,.70168944000000000000
25300,21,50544,25245,15,.69892750000000000000
25400,21,50972,25573,15,.71217000000000000000
25500,21,50991,25491,14,.67907666000000000000
25600,21,51145,25546,15,.67015092000000000000
25700,21,51488,25789,15,.68144164000000000000
25800,21,51576,25777,15,.67972046000000000000
25900,21,51679,25780,16,.69000786000000000000
26000,21,52185,26185,14,.69441444000000000000
26100,21,52473,26373,14,.71004472000000000000
26200,21,52602,26403,16,.73247984000000000000
26300,21,52800,26501,15,.73732578000000000000
26400,21,52764,26365,14,.72739840000000000000
26500,21,52939,26439,14,.72650522000000000000
26600,21,53106,26506,15,.73027010000000000000
26700,21,53686,26987,15,.72875440000000000000
26800,21,53663,26864,15,.72928388000000000000
26900,21,53900,27001,16,.73833034000000000000
27000,21,54198,27199,15,.74932712000000000000
27100,21,54296,27197,16,.74660154000000000000
27200,21,54268,27069,15,.75556704000000000000
27300,21,54761,27461,15,.75296554000000000000
27400,21,54742,27343,15,.75123718000000000000
27500,21,55453,27954,15,.76710354000000000000
27600,21,55438,27839,15,.75326342000000000000
27700,21,54819,27119,13,.75083582000000000000
27800,21,55480,27681,16,.75801256000000000000
27900,21,55820,27921,15,.76282308000000000000
28000,21,56120,28121,15,.77271032000000000000
28100,21,55927,27827,14,.76084564000000000000
28200,21,56497,28298,16,.76593422000000000000
28300,21,56745,28446,15,.76652004000000000000
28400,21,56763,28364,15,.77052880000000000000
28500,21,57151,28652,16,.77271078000000000000
28600,21,57070,28471,15,.76325158000000000000
28700,21,57223,28524,15,.77235476000000000000
28800,21,57708,28909,15,.77426304000000000000
28900,21,57778,28878,14,.77385434000000000000
29000,21,57813,28814,16,.78015038000000000000
29100,21,57722,28623,15,.78276358000000000000
29200,21,58410,29211,15,.79276540000000000000
29300,21,58626,29327,16,.80047230000000000000
29400,21,58597,29198,15,.80134996000000000000
29500,21,58837,29338,15,.80871532000000000000
29600,21,59194,29595,15,.80592828000000000000
29700,21,59593,29894,15,.81659042000000000000
29800,21,59513,29714,15,.82480668000000000000
29900,21,60216,30316,14,.83155930000000000000
30000,21,59893,29893,14,.82399392000000000000
30100,21,60356,30257,15,.84305698000000000000
30200,21,60333,30134,15,.83488630000000000000
30300,21,60690,30391,15,.83734182000000000000
30400,21,60683,30284,16,.83665094000000000000
30500,21,60874,30374,15,.83023128000000000000
30600,21,61356,30756,15,.82150228000000000000
30700,21,61595,30896,16,.81917972000000000000
30800,21,62060,31261,16,.83875294000000000000
30900,21,61825,30925,15,.83326438000000000000
31000,21,61932,30932,14,.82352682000000000000
31100,21,62077,30978,16,.83097572000000000000
31200,21,62630,31431,15,.85377130000000000000
31300,21,62476,31177,16,.85491842000000000000
31400,21,62879,31480,15,.85337584000000000000
31500,21,63106,31607,15,.86193502000000000000
31600,21,63274,31675,15,.85935158000000000000
31700,21,63574,31875,17,.86799620000000000000
31800,21,63442,31643,16,.87013732000000000000
31900,21,63817,31918,16,.87488160000000000000
32000,21,64054,32055,15,.88686510000000000000
32100,21,64052,31953,15,.88305270000000000000
32200,21,64650,32451,16,.90086530000000000000
32300,21,64658,32359,16,.92243694000000000000
32400,21,64533,32133,14,.90880926000000000000
32500,21,65176,32677,15,.91802020000000000000
32600,21,65548,32949,17,.93208096000000000000
32700,21,65689,32989,15,.91874020000000000000
32800,21,65593,32793,15,.90874246000000000000
32900,21,65676,32777,16,.90470084000000000000
33000,21,65731,32732,15,.88384528000000000000
33100,21,66359,33259,15,.89374406000000000000
33200,21,66162,32963,15,.89520728000000000000
33300,21,66586,33286,14,.90565638000000000000
33400,21,66915,33515,14,.90769514000000000000
33500,21,67031,33532,15,.91085674000000000000
33600,21,67305,33706,15,.87546972000000000000
33700,21,67245,33546,15,.88898722000000000000
33800,21,67913,34114,15,.88422122000000000000
33900,21,67585,33686,16,.89388954000000000000
34000,21,68018,34019,15,.92652044000000000000
34100,21,68311,34212,17,.93250100000000000000
34200,21,68211,34012,17,.93461450000000000000
34300,21,68675,34376,16,.94319554000000000000
34400,21,68723,34324,16,.94824580000000000000
34500,21,69015,34516,15,.94460260000000000000
34600,21,69189,34589,14,.95685770000000000000
34700,21,69625,34926,16,.95976984000000000000
34800,21,69794,34994,15,.98318524000000000000
34900,21,69554,34655,15,.97226384000000000000
35000,21,69975,34975,15,.97490308000000000000
35100,21,70250,35151,16,.97078534000000000000
35200,21,70529,35330,16,.97809558000000000000
35300,21,70497,35198,16,.97172488000000000000
35400,21,71070,35671,16,.95896578000000000000
35500,21,71151,35651,15,.95721678000000000000
35600,21,71231,35631,15,.95990786000000000000
35700,21,71569,35870,15,.96670622000000000000
35800,21,71735,35936,15,.96898172000000000000
35900,21,71578,35679,16,.97145150000000000000
36000,21,71934,35935,16,.95575580000000000000
36100,21,71976,35877,16,.95630342000000000000
36200,21,72554,36355,16,.96830822000000000000
36300,21,72606,36307,16,.96460668000000000000
36400,21,72790,36391,16,.99491530000000000000
36500,21,72696,36196,15,.99430426000000000000
36600,21,73338,36738,14,1.00739342000000000000
36700,21,73374,36675,16,1.01035770000000000000
36800,21,73776,36977,17,1.01519460000000000000
36900,21,73644,36745,16,1.01333768000000000000
37000,21,73867,36868,15,1.01066164000000000000
37100,21,74079,36980,16,1.01288322000000000000
37200,21,74377,37178,15,1.04003140000000000000
37300,21,74582,37283,15,1.04976980000000000000
37400,21,74826,37426,15,1.06166564000000000000
37500,21,75293,37794,15,1.03726206000000000000
37600,21,75130,37530,14,1.03253710000000000000
37700,21,75957,38258,16,1.02670778000000000000
37800,21,75303,37504,16,.97582680000000000000
37900,21,75628,37729,16,.97840964000000000000
38000,21,75771,37772,15,1.02871470000000000000
38100,21,76475,38376,16,1.05202680000000000000
38200,21,76680,38481,16,1.03589140000000000000
38300,21,76906,38607,16,1.03900520000000000000
38400,21,77046,38647,16,1.05055580000000000000
38500,21,77240,38740,14,1.04727080000000000000
38600,21,77136,38537,16,1.04529120000000000000
38700,21,76997,38297,16,1.07392160000000000000
38800,21,77526,38727,15,1.06786780000000000000
38900,21,77557,38658,15,1.09530760000000000000
39000,21,77509,38510,16,1.09775340000000000000
39100,21,78178,39079,16,1.09389980000000000000
39200,21,78201,39001,15,1.08526720000000000000
39300,21,79132,39832,15,1.11666440000000000000
39400,21,79073,39673,15,1.10987540000000000000
39500,21,78815,39316,17,1.07956220000000000000
39600,21,79266,39666,16,1.09920600000000000000
39700,21,79353,39654,16,1.08549600000000000000
39800,21,79664,39865,16,1.04971638000000000000
39900,21,79547,39648,17,1.03658154000000000000
40000,21,79917,39918,16,1.03912160000000000000
40100,21,80149,40049,15,1.06516712000000000000
40200,21,80333,40134,16,1.09576820000000000000
40300,21,80675,40376,16,1.10344360000000000000
40400,21,81056,40657,16,1.09660720000000000000
40500,21,80883,40384,16,1.10018160000000000000
40600,21,81171,40571,15,1.10148940000000000000
40700,21,81440,40741,15,1.10545720000000000000
40800,21,81634,40834,15,1.10999760000000000000
40900,21,81721,40822,16,1.12314140000000000000
41000,21,81964,40964,16,1.11881680000000000000
41100,21,82519,41419,15,1.12847060000000000000
41200,21,82494,41295,16,1.12430320000000000000
41300,21,82351,41052,16,1.14149340000000000000
41400,21,83093,41693,15,1.20512340000000000000
41500,21,82806,41306,15,1.22833240000000000000
41600,21,83639,42040,16,1.20814620000000000000
41700,21,83552,41853,16,1.23773800000000000000
41800,21,83800,42001,16,1.15934400000000000000
41900,21,83854,41955,16,1.14259440000000000000
42000,21,84039,42039,15,1.13786840000000000000
42100,21,84258,42159,16,1.17473100000000000000
42200,21,84330,42130,15,1.14152820000000000000
42300,21,84917,42617,15,1.14450000000000000000
42400,21,84690,42291,15,1.15085240000000000000
42500,21,84835,42336,17,1.16360560000000000000
42600,21,85302,42703,16,1.14564560000000000000
42700,21,85460,42761,16,1.14447880000000000000
42800,21,85555,42755,15,1.14434720000000000000
42900,21,85622,42723,17,1.18910640000000000000
43000,21,86162,43163,16,1.19619420000000000000
43100,21,85962,42863,15,1.19094900000000000000
43200,21,86392,43192,15,1.19663600000000000000
43300,21,86577,43278,16,1.21142600000000000000
43400,21,86982,43583,16,1.23864080000000000000
43500,21,86991,43491,14,1.27221700000000000000
43600,21,87189,43590,17,1.24461780000000000000
43700,21,87614,43914,15,1.19939480000000000000
43800,21,87928,44128,16,1.20729820000000000000
43900,21,87664,43764,15,1.18626220000000000000
44000,21,88367,44368,16,1.14417300000000000000
44100,21,88292,44193,15,1.17107000000000000000
44200,21,88441,44242,16,1.13917000000000000000
44300,21,88630,44331,16,1.14116640000000000000
44400,21,88610,44210,15,1.21348560000000000000
44500,21,89220,44721,16,1.21197300000000000000
44600,21,89274,44675,16,1.22244900000000000000
44700,21,89605,44906,16,1.23757140000000000000
44800,21,89252,44453,15,1.22166000000000000000
44900,21,90084,45184,15,1.23431000000000000000
45000,21,90023,45024,15,1.24226420000000000000
45100,21,89943,44844,16,1.25294660000000000000
45200,21,90201,45001,15,1.25478900000000000000
45300,21,90629,45330,17,1.25239120000000000000
45400,21,90804,45405,16,1.25727040000000000000
45500,21,91272,45773,16,1.29045380000000000000
45600,21,91411,45812,15,1.32690880000000000000
45700,21,91128,45429,16,1.34698100000000000000
45800,21,91669,45870,16,1.28974020000000000000
45900,21,92104,46205,17,1.25194520000000000000
46000,21,91806,45807,16,1.22098780000000000000
46100,21,92341,46242,15,1.19456280000000000000
46200,21,92464,46265,16,1.19164660000000000000
46300,21,92904,46605,16,1.21058280000000000000
46400,21,92780,46381,16,1.21066540000000000000
46500,21,92541,46042,16,1.26909580000000000000
46600,21,93617,47018,17,1.27428780000000000000
46700,21,93314,46614,14,1.29112440000000000000
46800,21,93647,46847,15,1.28665040000000000000
46900,21,94043,47143,15,1.28484060000000000000
47000,21,93842,46843,15,1.28293280000000000000
47100,21,94115,47016,16,1.30490360000000000000
47200,21,94087,46888,16,1.31528560000000000000
47300,21,94679,47379,16,1.31727180000000000000
47400,21,94884,47485,17,1.31027660000000000000
47500,21,95439,47940,16,1.30622480000000000000
47600,21,95265,47665,14,1.29685880000000000000
47700,21,95036,47337,16,1.29610840000000000000
47800,21,95283,47484,15,1.28959820000000000000
47900,21,95872,47973,16,1.28540700000000000000
48000,21,95590,47591,16,1.29483200000000000000
48100,21,95973,47874,16,1.31417840000000000000
48200,21,96771,48572,16,1.30938940000000000000
48300,21,96719,48420,17,1.31011620000000000000
48400,21,96837,48438,16,1.33348980000000000000
48500,21,96718,48219,17,1.32176060000000000000
48600,21,97131,48531,16,1.32416080000000000000
48700,21,97860,49161,17,1.33623200000000000000
48800,21,97298,48499,16,1.31901580000000000000
48900,21,97648,48748,15,1.31463600000000000000
49000,21,98118,49119,16,1.35835940000000000000
49100,21,98213,49114,17,1.33528260000000000000
49200,21,98530,49331,16,1.34115020000000000000
49300,21,99115,49816,16,1.34925240000000000000
49400,21,98734,49335,17,1.35034620000000000000
49500,21,99060,49561,16,1.36106360000000000000
49600,21,99285,49686,16,1.34387160000000000000
49700,21,99270,49570,15,1.34933800000000000000
49800,21,99709,49910,17,1.35883440000000000000
49900,21,100094,50195,16,1.36603360000000000000
50000,21,100375,50376,16,1.37221220000000000000
